m_date,air_temp
2019-05-01 12:51,15
2019-05-01 12:52,13
2019-05-01 12:53,12
2019-05-01 12:54,15
2019-05-01 12:55,13
2019-05-01 12:56,14
2019-05-01 12:57,13
2019-05-01 12:58,17
2019-05-01 12:59,12
2019-05-01 13:0,11
2019-05-01 13:1,7
2019-05-01 13:2,16
2019-05-01 13:3,13
2019-05-01 13:4,8
2019-05-01 13:5,8
2019-05-01 13:6,8
2019-05-01 13:7,13
2019-05-01 13:8,12
2019-05-01 13:9,12
2019-05-01 13:10,11
2019-05-01 13:11,7
2019-05-01 13:12,12
2019-05-01 13:13,12
2019-05-01 13:14,15
2019-05-01 13:15,15
2019-05-01 13:16,12
2019-05-01 13:17,13
2019-05-01 13:18,14
2019-05-01 13:19,12
2019-05-01 13:20,11
2019-05-01 13:21,12
2019-05-01 13:22,8
2019-05-01 13:23,15
2019-05-01 13:24,10
2019-05-01 13:25,10
2019-05-01 13:26,9
2019-05-01 13:27,9
2019-05-01 13:28,9
2019-05-01 13:30,8
2019-05-01 13:31,6
2019-05-01 13:32,14
2019-05-01 13:33,7
2019-05-01 13:34,7
2019-05-01 13:35,8
2019-05-01 13:36,8
2019-05-01 13:37,16
2019-05-01 13:38,10
2019-05-01 13:39,9
2019-05-01 13:40,8
2019-05-01 13:41,10
2019-05-01 13:42,7
2019-05-01 13:43,16
2019-05-01 13:44,14
2019-05-01 13:45,14
2019-05-01 13:46,13
2019-05-01 13:47,13
2019-05-01 13:48,13
2019-05-01 13:50,13
2019-05-01 17:31,5
2019-05-01 17:32,5
2019-05-01 17:33,4
2019-05-01 17:34,10
2019-05-01 17:35,5
2019-05-01 17:36,6
2019-05-01 17:37,5
2019-05-01 17:38,7
2019-05-01 17:39,8
2019-05-01 17:40,7
2019-05-01 17:41,5
2019-05-01 17:42,6
2019-05-01 17:43,7
2019-05-01 17:44,9
2019-05-01 17:45,3
2019-05-01 17:46,7
2019-05-01 17:47,1
2019-05-01 17:48,5
2019-05-01 17:49,2
2019-05-01 17:50,4
2019-05-01 17:51,5
2019-05-01 17:52,3
2019-05-01 17:53,3
2019-05-01 17:54,6
2019-05-01 17:55,5
2019-05-01 17:56,5
2019-05-01 17:57,2
2019-05-01 17:58,4
2019-05-01 17:59,4
2019-05-01 18:0,6
2019-05-01 18:1,8
2019-05-01 18:2,5
2019-05-01 18:3,7
2019-05-01 18:4,9
2019-05-01 18:5,5
2019-05-01 18:6,8
2019-05-01 18:7,3
2019-05-01 18:8,5
2019-05-01 18:9,7
2019-05-01 18:10,7
2019-05-01 18:11,0
2019-05-01 18:12,4
2019-05-01 18:13,2
2019-05-01 18:14,0
2019-05-01 18:15,0
2019-05-01 18:18,0
2019-05-01 18:19,2
2019-05-01 18:21,0
2019-05-01 18:22,2
2019-05-01 18:23,3
2019-05-01 18:24,10
2019-05-01 18:25,6
2019-05-01 18:26,4
2019-05-01 18:27,2
2019-05-01 18:28,3
2019-05-01 18:29,3
2019-05-01 18:30,6
2019-05-01 18:31,5
2019-05-01 18:32,9
2019-05-01 18:33,4
2019-05-01 18:34,3
2019-05-01 18:35,3
2019-05-01 18:36,5
2019-05-01 18:37,7
2019-05-01 18:38,1
2019-05-01 18:39,1
2019-05-01 18:41,0
2019-05-01 18:42,4
2019-05-01 18:44,1
2019-05-01 18:46,2
2019-05-01 18:48,4
2019-05-01 18:49,3
2019-05-01 18:50,2
2019-05-01 18:51,2
2019-05-01 18:52,1
2019-05-01 18:53,1
2019-05-01 18:54,1
2019-05-01 18:55,1
2019-05-01 18:56,2
2019-05-01 18:57,2
2019-05-01 18:58,4
2019-05-01 18:59,2
2019-05-01 19:0,2
2019-05-01 19:1,2
2019-05-01 19:2,0
2019-05-01 19:3,5
2019-05-01 19:4,1
2019-05-01 19:5,1
2019-05-01 19:6,1
2019-05-01 19:7,1
2019-05-01 19:8,1
2019-05-01 19:9,1
2019-05-01 19:10,0
2019-05-01 19:11,3
2019-05-01 19:12,5
2019-05-01 19:13,2
2019-05-01 19:14,1
2019-05-01 19:15,0
2019-05-01 19:16,2
2019-05-01 19:17,1
2019-05-01 19:18,2
2019-05-01 19:19,0
2019-05-01 19:21,1
2019-05-01 19:24,1
2019-05-01 19:28,1
2019-05-01 19:31,1
2019-05-01 19:32,3
2019-05-01 19:34,0
2019-05-01 19:36,0
2019-05-02 5:20,1
2019-05-02 5:22,1
2019-05-02 5:28,1
2019-05-02 5:30,0
2019-05-02 5:31,1
2019-05-02 5:32,1
2019-05-02 5:35,0
2019-05-02 5:38,1
2019-05-02 5:40,3
2019-05-02 5:41,1
2019-05-02 5:42,1
2019-05-02 5:48,1
2019-05-02 5:51,1
2019-05-02 5:52,1
2019-05-02 5:53,2
2019-05-02 5:54,0
2019-05-02 5:55,2
2019-05-02 5:56,1
2019-05-02 5:58,3
2019-05-02 5:59,1
2019-05-02 6:1,0
2019-05-02 6:2,3
2019-05-02 6:3,0
2019-05-02 6:4,1
2019-05-02 6:5,2
2019-05-02 6:6,1
2019-05-02 6:8,2
2019-05-02 6:9,0
2019-05-02 6:10,0
2019-05-02 6:11,1
2019-05-02 6:12,1
2019-05-02 6:15,1
2019-05-02 6:20,1
2019-05-02 6:23,2
2019-05-02 6:24,3
2019-05-02 6:28,3
2019-05-02 6:29,0
2019-05-02 6:31,2
2019-05-02 6:32,1
2019-05-02 6:33,1
2019-05-02 6:34,2
2019-05-02 6:35,1
2019-05-02 6:36,3
2019-05-02 6:37,1
2019-05-02 6:38,1
2019-05-02 6:39,1
2019-05-02 6:41,1
2019-05-02 6:42,3
2019-05-02 6:43,4
2019-05-02 6:48,2
2019-05-02 6:49,0
2019-05-02 6:51,2
2019-05-02 6:52,1
2019-05-02 6:54,2
2019-05-02 6:56,2
2019-05-02 6:57,2
2019-05-02 7:1,0
2019-05-02 7:2,1
2019-05-02 7:3,1
2019-05-02 7:4,5
2019-05-02 7:5,0
2019-05-02 7:6,2
2019-05-02 7:7,1
2019-05-02 7:8,2
2019-05-02 7:9,1
2019-05-02 7:10,3
2019-05-02 7:13,2
2019-05-02 7:14,1
2019-05-02 7:15,1
2019-05-02 7:16,1
2019-05-02 7:17,2
2019-05-02 7:18,2
2019-05-02 7:19,2
2019-05-02 7:21,1
2019-05-02 7:24,1
2019-05-02 7:25,2
2019-05-02 7:26,1
2019-05-02 7:28,0
2019-05-02 7:29,3
2019-05-02 7:32,0
2019-05-02 7:34,1
2019-05-02 7:35,2
2019-05-02 7:36,0
2019-05-02 7:37,2
2019-05-02 7:38,3
2019-05-02 7:39,1
2019-05-02 7:40,1
2019-05-02 7:46,1
2019-05-02 7:53,1
2019-05-02 7:56,1
2019-05-02 7:59,1
2019-05-02 8:2,1
2019-05-02 8:3,0
2019-05-02 8:5,1
2019-05-02 8:6,1
2019-05-02 8:7,1
2019-05-02 8:8,1
2019-05-02 8:9,0
2019-05-02 8:10,0
2019-05-02 8:12,0
2019-05-02 8:16,2
2019-05-02 8:17,0
2019-05-02 8:18,3
2019-05-02 8:19,1
2019-05-02 8:20,2
2019-05-02 8:23,3
2019-05-02 8:24,3
2019-05-02 8:26,0
2019-05-02 8:27,3
2019-05-02 8:29,2
2019-05-02 8:31,0
2019-05-02 8:32,1
2019-05-02 8:34,1
2019-05-02 8:35,5
2019-05-02 8:36,1
2019-05-02 8:37,3
2019-05-02 8:38,1
2019-05-02 8:40,0
2019-05-02 8:48,0
2019-05-02 8:49,1
2019-05-02 8:50,1
2019-05-02 8:53,1
2019-05-02 8:54,1
2019-05-02 8:55,3
2019-05-02 8:56,1
2019-05-02 8:58,0
2019-05-02 9:0,1
2019-05-02 9:1,0
2019-05-02 9:2,0
2019-05-02 9:4,1
2019-05-02 9:5,0
2019-05-02 9:6,2
2019-05-02 9:8,1
2019-05-02 9:11,1
2019-05-02 9:13,1
2019-05-02 9:14,3
2019-05-02 9:15,1
2019-05-02 9:16,4
2019-05-02 9:17,2
2019-05-02 9:18,2
2019-05-02 9:19,2
2019-05-02 9:20,2
2019-05-02 9:21,2
2019-05-02 9:22,1
2019-05-02 9:23,1
2019-05-02 9:24,0
2019-05-02 9:25,0
2019-05-02 9:26,0
2019-05-02 9:27,0
2019-05-02 9:28,0
2019-05-02 9:32,2
2019-05-02 9:33,3
2019-05-02 9:34,2
2019-05-02 9:35,1
2019-05-02 9:36,8
2019-05-02 9:37,3
2019-05-02 9:38,2
2019-05-02 9:39,2
2019-05-02 9:40,2
2019-05-02 9:41,10
2019-05-02 9:42,7
2019-05-02 9:43,5
2019-05-02 9:44,2
2019-05-02 9:45,5
2019-05-02 9:46,6
2019-05-02 9:47,4
2019-05-02 9:48,6
2019-05-02 9:49,3
2019-05-02 9:50,6
2019-05-02 9:51,10
2019-05-02 9:52,7
2019-05-02 9:53,7
2019-05-02 9:54,6
2019-05-02 9:55,9
2019-05-02 9:56,10
2019-05-02 9:57,8
2019-05-02 9:58,11
2019-05-02 9:59,11
2019-05-02 10:0,6
2019-05-02 10:1,8
2019-05-02 10:2,7
2019-05-02 10:3,8
2019-05-02 10:4,10
2019-05-02 10:5,9
2019-05-02 10:6,8
2019-05-02 10:7,7
2019-05-02 10:8,5
2019-05-02 10:9,8
2019-05-02 10:10,10
2019-05-02 10:11,8
2019-05-02 10:12,7
2019-05-02 10:13,11
2019-05-02 10:14,11
2019-05-02 10:15,11
2019-05-02 10:16,11
2019-05-02 10:17,10
2019-05-02 10:18,9
2019-05-02 10:19,11
2019-05-02 10:20,7
2019-05-02 10:21,8
2019-05-02 10:22,8
2019-05-02 10:23,8
2019-05-02 10:24,4
2019-05-02 10:25,6
2019-05-02 10:26,7
2019-05-02 10:27,6
2019-05-02 10:28,7
2019-05-02 10:29,5
2019-05-02 10:30,7
2019-05-02 10:31,6
2019-05-02 10:32,10
2019-05-02 10:33,6
2019-05-02 10:34,7
2019-05-02 10:35,8
2019-05-02 10:36,11
2019-05-02 10:37,7
2019-05-02 10:38,10
2019-05-02 10:39,9
2019-05-02 10:40,11
2019-05-02 10:41,10
2019-05-02 10:42,10
2019-05-02 10:43,8
2019-05-02 10:44,10
2019-05-02 10:45,10
2019-05-02 10:46,9
2019-05-02 10:47,8
2019-05-02 10:48,9
2019-05-02 10:49,7
2019-05-02 10:50,10
2019-05-02 10:51,11
2019-05-02 10:52,12
2019-05-02 10:53,9
2019-05-02 10:54,11
2019-05-02 10:55,12
2019-05-02 10:56,12
2019-05-02 10:57,12
2019-05-02 10:58,10
2019-05-02 10:59,9
2019-05-02 11:0,8
2019-05-02 11:1,10
2019-05-02 11:2,10
2019-05-02 11:3,14
2019-05-02 11:4,8
2019-05-02 11:5,12
2019-05-02 11:6,11
2019-05-02 11:7,10
2019-05-02 11:8,8
2019-05-02 11:9,11
2019-05-02 11:10,16
2019-05-02 11:11,10
2019-05-02 11:12,13
2019-05-02 11:13,6
2019-05-02 11:14,8
2019-05-02 11:15,8
2019-05-02 11:16,7
2019-05-02 11:17,5
2019-05-02 11:18,10
2019-05-02 11:19,9
2019-05-02 11:20,12
2019-05-02 11:21,5
2019-05-02 11:22,8
2019-05-02 11:23,8
2019-05-02 11:24,11
2019-05-02 11:25,9
2019-05-02 11:26,12
2019-05-02 11:27,11
2019-05-02 11:28,9
2019-05-02 11:30,5
2019-05-02 11:31,9
2019-05-02 11:32,7
2019-05-02 11:33,11
2019-05-02 11:34,9
2019-05-02 11:35,10
2019-05-02 11:36,11
2019-05-02 11:37,9
2019-05-02 11:38,14
2019-05-02 11:39,14
2019-05-02 11:40,11
2019-05-02 11:41,11
2019-05-02 11:42,7
2019-05-02 11:43,8
2019-05-02 11:44,7
2019-05-02 11:45,3
2019-05-02 11:46,9
2019-05-02 11:47,3
2019-05-02 11:48,4
2019-05-02 11:49,4
2019-05-02 11:50,10
2019-05-02 11:51,5
2019-05-02 11:52,11
2019-05-02 11:53,7
2019-05-02 11:54,6
2019-05-02 11:55,12
2019-05-02 11:56,9
2019-05-02 11:57,11
2019-05-02 11:58,5
2019-05-02 12:0,6
2019-05-02 12:1,2
2019-05-02 12:2,8
2019-05-02 12:3,3
2019-05-02 12:4,5
2019-05-02 12:5,6
2019-05-02 12:6,8
2019-05-02 12:7,11
2019-05-02 12:8,9
2019-05-02 12:9,6
2019-05-02 12:10,7
2019-05-02 12:11,7
2019-05-02 12:12,12
2019-05-02 12:13,9
2019-05-02 12:14,14
2019-05-02 12:15,12
2019-05-02 12:16,14
2019-05-02 12:17,10
2019-05-02 12:18,9
2019-05-02 12:19,14
2019-05-02 12:20,12
2019-05-02 12:21,9
2019-05-02 12:22,23
2019-05-02 12:23,16
2019-05-02 12:24,18
2019-05-02 12:25,15
2019-05-02 12:26,11
2019-05-02 12:27,7
2019-05-02 12:28,14
2019-05-02 12:29,19
2019-05-02 12:30,17
2019-05-02 12:31,16
2019-05-02 12:32,17
2019-05-02 12:33,13
2019-05-02 12:34,12
2019-05-02 12:35,13
2019-05-02 12:36,11
2019-05-02 12:37,17
2019-05-02 12:38,12
2019-05-02 12:39,12
2019-05-02 12:40,16
2019-05-02 12:41,10
2019-05-02 12:42,9
2019-05-02 12:43,8
2019-05-02 12:44,16
2019-05-02 12:45,14
2019-05-02 12:46,14
2019-05-02 12:47,11
2019-05-02 12:48,16
2019-05-02 12:50,12
2019-05-02 12:51,11
2019-05-02 12:52,10
2019-05-02 12:53,9
2019-05-02 12:54,4
2019-05-02 12:55,6
2019-05-02 12:56,8
2019-05-02 12:57,14
2019-05-02 12:58,7
2019-05-02 12:59,11
2019-05-02 13:0,10
2019-05-02 13:1,11
2019-05-02 13:2,17
2019-05-02 13:3,9
2019-05-02 13:4,14
2019-05-02 13:5,13
2019-05-02 13:6,13
2019-05-02 13:7,11
2019-05-02 13:8,10
2019-05-02 13:9,11
2019-05-02 13:10,11
2019-05-02 13:11,14
2019-05-02 13:12,17
2019-05-02 13:13,13
2019-05-02 13:14,14
2019-05-02 13:15,7
2019-05-02 13:16,5
2019-05-02 13:17,7
2019-05-02 13:18,7
2019-05-02 13:19,11
2019-05-02 13:20,7
2019-05-02 13:21,7
2019-05-02 13:22,7
2019-05-02 13:23,4
2019-05-02 13:24,3
2019-05-02 13:25,5
2019-05-02 13:26,7
2019-05-02 13:27,6
2019-05-02 13:28,6
2019-05-02 13:29,8
2019-05-02 13:30,11
2019-05-02 13:31,8
2019-05-02 13:32,5
2019-05-02 13:33,9
2019-05-02 13:34,9
2019-05-02 13:35,8
2019-05-02 13:36,9
2019-05-02 13:37,10
2019-05-02 13:38,11
2019-05-02 13:39,11
2019-05-02 13:40,10
2019-05-02 13:41,8
2019-05-02 13:42,7
2019-05-02 13:43,9
2019-05-02 13:44,8
2019-05-02 13:45,17
2019-05-02 13:46,11
2019-05-02 13:47,11
2019-05-02 13:48,10
2019-05-02 13:49,7
2019-05-02 13:50,12
2019-05-02 13:51,12
2019-05-02 13:52,13
2019-05-02 13:53,9
2019-05-02 13:54,10
2019-05-02 13:55,12
2019-05-02 13:56,8
2019-05-02 13:57,4
2019-05-02 13:58,9
2019-05-02 14:0,11
2019-05-02 14:1,11
2019-05-02 14:2,15
2019-05-02 14:3,9
2019-05-02 14:4,13
2019-05-02 14:5,9
2019-05-02 14:6,10
2019-05-02 14:7,14
2019-05-02 14:8,7
2019-05-02 14:9,13
2019-05-02 14:10,12
2019-05-02 14:11,12
2019-05-02 14:12,5
2019-05-02 14:13,13
2019-05-02 14:14,6
2019-05-02 14:15,12
2019-05-02 14:16,5
2019-05-02 14:17,5
2019-05-02 14:18,10
2019-05-02 14:19,13
2019-05-02 14:20,9
2019-05-02 14:21,14
2019-05-02 14:22,13
2019-05-02 14:23,6
2019-05-02 14:24,5
2019-05-02 14:25,9
2019-05-02 14:26,3
2019-05-02 14:27,3
2019-05-02 14:28,7
2019-05-02 14:30,5
2019-05-02 14:31,4
2019-05-02 14:32,5
2019-05-02 14:33,10
2019-05-02 14:34,10
2019-05-02 14:35,7
2019-05-02 14:36,5
2019-05-02 14:37,5
2019-05-02 14:38,6
2019-05-02 14:40,3
2019-05-02 14:41,12
2019-05-02 14:42,13
2019-05-02 14:43,17
2019-05-02 14:44,11
2019-05-02 14:45,15
2019-05-02 14:46,11
2019-05-02 14:47,12
2019-05-02 14:48,16
2019-05-02 14:49,20
2019-05-02 14:50,19
2019-05-02 14:51,13
2019-05-02 14:52,17
2019-05-02 14:53,16
2019-05-02 14:54,12
2019-05-02 14:55,21
2019-05-02 14:56,17
2019-05-02 14:57,18
2019-05-02 14:58,15
2019-05-02 14:59,10
2019-05-02 15:0,12
2019-05-02 15:1,14
2019-05-02 15:2,13
2019-05-02 15:3,11
2019-05-02 15:4,8
2019-05-02 15:5,11
2019-05-02 15:6,9
2019-05-02 15:7,7
2019-05-02 15:8,9
2019-05-02 15:9,9
2019-05-02 15:10,8
2019-05-02 15:11,5
2019-05-02 15:12,8
2019-05-02 15:13,4
2019-05-02 15:14,6
2019-05-02 15:15,7
2019-05-02 15:16,7
2019-05-02 15:17,5
2019-05-02 15:18,9
2019-05-02 15:19,7
2019-05-02 15:20,3
2019-05-02 15:21,6
2019-05-02 15:22,6
2019-05-02 15:23,6
2019-05-02 15:24,7
2019-05-02 15:25,5
2019-05-02 15:26,5
2019-05-02 15:27,11
2019-05-02 15:28,12
2019-05-02 15:30,6
2019-05-02 15:31,5
2019-05-02 15:32,5
2019-05-02 15:33,4
2019-05-02 15:34,6
2019-05-02 15:35,8
2019-05-02 15:36,10
2019-05-02 15:37,9
2019-05-02 15:38,7
2019-05-02 15:39,3
2019-05-02 15:40,10
2019-05-02 15:41,7
2019-05-02 15:42,9
2019-05-02 15:43,8
2019-05-02 15:44,10
2019-05-02 15:45,7
2019-05-02 15:46,8
2019-05-02 15:47,3
2019-05-02 15:48,4
2019-05-02 15:49,5
2019-05-02 15:50,5
2019-05-02 15:51,3
2019-05-02 15:52,11
2019-05-02 15:53,7
2019-05-02 15:54,6
2019-05-02 15:55,4
2019-05-02 15:56,7
2019-05-02 15:57,6
2019-05-02 15:58,9
2019-05-02 15:59,12
2019-05-02 16:0,8
2019-05-02 16:1,6
2019-05-02 16:2,9
2019-05-02 16:3,9
2019-05-02 16:4,4
2019-05-02 16:5,8
2019-05-02 16:6,4
2019-05-02 16:7,6
2019-05-02 16:8,9
2019-05-02 16:9,11
2019-05-02 16:10,6
2019-05-02 16:11,3
2019-05-02 16:12,3
2019-05-02 16:13,5
2019-05-02 16:14,4
2019-05-02 16:15,7
2019-05-02 16:16,8
2019-05-02 16:17,9
2019-05-02 16:18,9
2019-05-02 16:19,8
2019-05-02 16:20,14
2019-05-02 16:21,4
2019-05-02 16:22,6
2019-05-02 16:23,6
2019-05-02 16:24,3
2019-05-02 16:25,5
2019-05-02 16:26,8
2019-05-02 16:27,4
2019-05-02 16:28,5
2019-05-02 16:29,5
2019-05-02 16:30,9
2019-05-02 16:31,7
2019-05-02 16:32,7
2019-05-02 16:33,6
2019-05-02 16:34,9
2019-05-02 16:35,4
2019-05-02 16:36,3
2019-05-02 16:37,2
2019-05-02 16:38,3
2019-05-02 16:39,7
2019-05-02 16:40,1
2019-05-02 16:41,2
2019-05-02 16:42,6
2019-05-02 16:43,5
2019-05-02 16:44,7
2019-05-02 16:45,4
2019-05-02 16:46,4
2019-05-02 16:47,4
2019-05-02 16:48,6
2019-05-02 16:49,4
2019-05-02 16:50,5
2019-05-02 16:51,5
2019-05-02 16:52,2
2019-05-02 16:53,6
2019-05-02 16:54,3
2019-05-02 16:55,2
2019-05-02 16:56,5
2019-05-02 16:57,1
2019-05-02 16:58,1
2019-05-02 16:59,2
2019-05-02 17:0,3
2019-05-02 17:1,3
2019-05-02 17:2,3
2019-05-02 17:3,6
2019-05-02 17:4,4
2019-05-02 17:5,6
2019-05-02 17:6,5
2019-05-02 17:7,3
2019-05-02 17:8,5
2019-05-02 17:9,15
2019-05-02 17:10,6
2019-05-02 17:11,5
2019-05-02 17:12,6
2019-05-02 17:13,4
2019-05-02 17:14,8
2019-05-02 17:15,6
2019-05-02 17:16,8
2019-05-02 17:17,1
2019-05-02 17:18,4
2019-05-02 17:20,2
2019-05-02 17:21,3
2019-05-02 17:22,5
2019-05-02 17:23,2
2019-05-02 17:24,6
2019-05-02 17:25,6
2019-05-02 17:26,4
2019-05-02 17:27,13
2019-05-02 17:28,13
2019-05-02 17:29,12
2019-05-02 17:30,9
2019-05-02 17:31,9
2019-05-02 17:32,6
2019-05-02 17:33,7
2019-05-02 17:34,4
2019-05-02 17:35,7
2019-05-02 17:36,5
2019-05-02 17:37,4
2019-05-02 17:38,5
2019-05-02 17:39,8
2019-05-02 17:40,9
2019-05-02 17:41,5
2019-05-02 17:42,4
2019-05-02 17:43,2
2019-05-02 17:44,5
2019-05-02 17:46,2
2019-05-02 17:47,5
2019-05-02 17:48,5
2019-05-02 17:49,2
2019-05-02 17:50,11
2019-05-02 17:51,8
2019-05-02 17:52,1
2019-05-02 17:53,5
2019-05-02 17:54,7
2019-05-02 17:55,5
2019-05-02 17:56,4
2019-05-02 17:57,10
2019-05-02 17:58,4
2019-05-02 17:59,3
2019-05-02 18:0,7
2019-05-02 18:1,4
2019-05-02 18:2,3
2019-05-02 18:3,6
2019-05-02 18:4,6
2019-05-02 18:5,10
2019-05-02 18:6,3
2019-05-02 18:7,7
2019-05-02 18:8,8
2019-05-02 18:9,6
2019-05-02 18:10,11
2019-05-02 18:11,3
2019-05-02 18:12,8
2019-05-02 18:13,10
2019-05-02 18:14,7
2019-05-02 18:15,7
2019-05-02 18:16,4
2019-05-02 18:17,2
2019-05-02 18:18,4
2019-05-02 18:20,5
2019-05-02 18:21,5
2019-05-02 18:22,7
2019-05-02 18:23,8
2019-05-02 18:24,15
2019-05-02 18:25,9
2019-05-02 18:26,6
2019-05-02 18:27,8
2019-05-02 18:28,9
2019-05-02 18:29,6
2019-05-02 18:30,6
2019-05-02 18:31,10
2019-05-02 18:32,9
2019-05-02 18:33,9
2019-05-02 18:34,9
2019-05-02 18:35,8
2019-05-02 18:36,9
2019-05-02 18:37,12
2019-05-02 18:38,5
2019-05-02 18:40,9
2019-05-02 18:41,7
2019-05-02 18:42,8
2019-05-02 18:43,6
2019-05-02 18:44,6
2019-05-02 18:45,6
2019-05-02 18:46,8
2019-05-02 18:47,7
2019-05-02 18:48,7
2019-05-02 18:49,9
2019-05-02 18:50,5
2019-05-02 18:51,5
2019-05-02 18:52,6
2019-05-02 18:53,6
2019-05-02 18:54,7
2019-05-02 18:55,6
2019-05-02 18:56,5
2019-05-02 18:57,12
2019-05-02 18:58,5
2019-05-02 18:59,4
2019-05-02 19:0,7
2019-05-02 19:1,6
2019-05-02 19:2,4
2019-05-02 19:3,4
2019-05-02 19:4,5
2019-05-02 19:5,4
2019-05-02 19:6,5
2019-05-02 19:7,4
2019-05-02 19:8,4
2019-05-02 19:9,4
2019-05-02 19:10,6
2019-05-02 19:11,4
2019-05-02 19:12,4
2019-05-02 19:13,1
2019-05-02 19:14,2
2019-05-02 19:16,1
2019-05-02 19:17,3
2019-05-02 19:18,4
2019-05-02 19:20,2
2019-05-02 19:21,3
2019-05-02 19:23,2
2019-05-02 19:26,6
2019-05-02 19:27,1
2019-05-02 19:38,1
2019-05-03 5:17,1
2019-05-03 5:19,0
2019-05-03 5:23,1
2019-05-03 5:24,0
2019-05-03 5:25,1
2019-05-03 5:30,1
2019-05-03 5:31,2
2019-05-03 5:32,1
2019-05-03 5:33,1
2019-05-03 5:34,1
2019-05-03 5:40,2
2019-05-03 5:42,0
2019-05-03 5:45,0
2019-05-03 5:46,1
2019-05-03 5:50,1
2019-05-03 5:52,1
2019-05-03 5:56,2
2019-05-03 6:1,1
2019-05-03 6:3,1
2019-05-03 6:4,1
2019-05-03 6:8,2
2019-05-03 6:9,1
2019-05-03 6:10,3
2019-05-03 6:11,1
2019-05-03 6:13,0
2019-05-03 6:14,1
2019-05-03 6:15,2
2019-05-03 6:17,1
2019-05-03 6:18,2
2019-05-03 6:19,1
2019-05-03 6:20,2
2019-05-03 6:21,0
2019-05-03 6:22,1
2019-05-03 6:24,0
2019-05-03 6:28,0
2019-05-03 6:30,1
2019-05-03 6:31,0
2019-05-03 6:32,3
2019-05-03 6:36,4
2019-05-03 6:37,1
2019-05-03 6:39,2
2019-05-03 6:41,2
2019-05-03 6:43,2
2019-05-03 6:44,4
2019-05-03 6:45,1
2019-05-03 6:46,2
2019-05-03 6:48,2
2019-05-03 6:49,5
2019-05-03 6:51,2
2019-05-03 6:52,4
2019-05-03 6:53,1
2019-05-03 6:54,1
2019-05-03 6:56,4
2019-05-03 6:57,3
2019-05-03 6:58,5
2019-05-03 6:59,1
2019-05-03 7:0,3
2019-05-03 7:1,3
2019-05-03 7:2,4
2019-05-03 7:3,1
2019-05-03 7:4,5
2019-05-03 7:5,3
2019-05-03 7:6,2
2019-05-03 7:7,4
2019-05-03 7:8,2
2019-05-03 7:9,2
2019-05-03 7:12,3
2019-05-03 7:13,2
2019-05-03 7:14,3
2019-05-03 7:16,4
2019-05-03 7:17,2
2019-05-03 7:20,2
2019-05-03 7:23,3
2019-05-03 7:24,3
2019-05-03 7:25,1
2019-05-03 7:27,1
2019-05-03 7:28,3
2019-05-03 7:29,2
2019-05-03 7:30,1
2019-05-03 7:32,1
2019-05-03 7:33,0
2019-05-03 7:37,1
2019-05-03 7:40,1
2019-05-03 7:41,1
2019-05-03 7:42,1
2019-05-03 7:43,0
2019-05-03 7:44,2
2019-05-03 7:46,1
2019-05-03 7:49,2
2019-05-03 7:50,1
2019-05-03 7:51,0
2019-05-03 7:53,1
2019-05-03 7:55,1
2019-05-03 7:57,2
2019-05-03 7:59,3
2019-05-03 8:0,2
2019-05-03 8:2,1
2019-05-03 8:4,4
2019-05-03 8:5,1
2019-05-03 8:6,0
2019-05-03 8:9,1
2019-05-03 8:12,1
2019-05-03 8:13,2
2019-05-03 8:14,1
2019-05-03 8:19,1
2019-05-03 8:20,2
2019-05-03 8:21,2
2019-05-03 8:22,3
2019-05-03 8:23,2
2019-05-03 8:24,3
2019-05-03 8:26,1
2019-05-03 8:27,2
2019-05-03 8:31,2
2019-05-03 8:35,1
2019-05-03 8:37,4
2019-05-03 8:39,0
2019-05-03 8:40,1
2019-05-03 8:41,0
2019-05-03 8:43,2
2019-05-03 8:46,2
2019-05-03 8:48,1
2019-05-03 8:52,1
2019-05-03 8:57,1
2019-05-03 8:58,1
2019-05-03 9:1,2
2019-05-03 9:5,2
2019-05-03 9:7,0
2019-05-03 9:8,1
2019-05-03 9:11,2
2019-05-03 9:12,0
2019-05-03 9:13,1
2019-05-03 9:14,1
2019-05-03 9:15,3
2019-05-03 9:16,1
2019-05-03 9:17,2
2019-05-03 9:19,3
2019-05-03 9:20,4
2019-05-03 9:21,9
2019-05-03 9:22,9
2019-05-03 9:23,12
2019-05-03 9:24,13
2019-05-03 9:25,13
2019-05-03 9:26,11
2019-05-03 9:27,7
2019-05-03 9:28,6
2019-05-03 9:30,11
2019-05-03 9:31,13
2019-05-03 9:32,14
2019-05-03 9:33,10
2019-05-03 9:34,6
2019-05-03 9:35,8
2019-05-03 9:36,9
2019-05-03 9:37,10
2019-05-03 9:38,8
2019-05-03 9:40,5
2019-05-03 9:41,9
2019-05-03 9:42,7
2019-05-03 9:43,9
2019-05-03 9:44,6
2019-05-03 9:45,5
2019-05-03 9:46,5
2019-05-03 9:47,9
2019-05-03 9:48,10
2019-05-03 9:49,8
2019-05-03 9:50,9
2019-05-03 9:51,8
2019-05-03 9:52,8
2019-05-03 9:53,11
2019-05-03 9:54,7
2019-05-03 9:55,11
2019-05-03 9:56,10
2019-05-03 9:57,15
2019-05-03 9:58,11
2019-05-03 9:59,12
2019-05-03 10:0,12
2019-05-03 10:1,10
2019-05-03 10:2,11
2019-05-03 10:3,9
2019-05-03 10:4,6
2019-05-03 10:5,6
2019-05-03 10:6,5
2019-05-03 10:7,10
2019-05-03 10:8,9
2019-05-03 10:9,11
2019-05-03 10:10,10
2019-05-03 10:11,9
2019-05-03 10:12,9
2019-05-03 10:13,10
2019-05-03 10:14,10
2019-05-03 10:15,7
2019-05-03 10:16,10
2019-05-03 10:17,9
2019-05-03 10:18,11
2019-05-03 10:20,14
2019-05-03 10:21,13
2019-05-03 10:22,16
2019-05-03 10:23,10
2019-05-03 10:24,10
2019-05-03 10:25,10
2019-05-03 10:26,10
2019-05-03 10:27,8
2019-05-03 10:28,10
2019-05-03 10:29,10
2019-05-03 10:30,11
2019-05-03 10:31,9
2019-05-03 10:32,5
2019-05-03 10:33,9
2019-05-03 10:34,10
2019-05-03 10:35,8
2019-05-03 10:36,7
2019-05-03 10:37,6
2019-05-03 10:38,8
2019-05-03 10:39,5
2019-05-03 10:40,10
2019-05-03 10:41,10
2019-05-03 10:42,8
2019-05-03 10:43,11
2019-05-03 10:44,8
2019-05-03 10:45,6
2019-05-03 10:46,10
2019-05-03 10:47,5
2019-05-03 10:48,7
2019-05-03 10:49,7
2019-05-03 10:50,11
2019-05-03 10:51,8
2019-05-03 10:52,11
2019-05-03 10:53,6
2019-05-03 10:54,5
2019-05-03 10:55,6
2019-05-03 10:56,7
2019-05-03 10:57,5
2019-05-03 10:58,12
2019-05-03 10:59,9
2019-05-03 11:0,6
2019-05-03 11:1,6
2019-05-03 11:2,8
2019-05-03 11:3,4
2019-05-03 11:4,8
2019-05-03 11:5,5
2019-05-03 11:6,2
2019-05-03 11:7,4
2019-05-03 11:8,2
2019-05-03 11:9,4
2019-05-03 11:10,11
2019-05-03 11:11,4
2019-05-03 11:12,8
2019-05-03 11:13,7
2019-05-03 11:14,5
2019-05-03 11:15,6
2019-05-03 11:16,8
2019-05-03 11:17,12
2019-05-03 11:18,14
2019-05-03 11:19,12
2019-05-03 11:20,10
2019-05-03 11:21,10
2019-05-03 11:22,11
2019-05-03 11:23,11
2019-05-03 11:24,6
2019-05-03 11:25,11
2019-05-03 11:26,10
2019-05-03 11:27,9
2019-05-03 11:28,9
2019-05-03 11:29,14
2019-05-03 11:30,12
2019-05-03 11:31,10
2019-05-03 11:32,15
2019-05-03 11:33,12
2019-05-03 11:34,16
2019-05-03 11:35,16
2019-05-03 11:36,11
2019-05-03 11:37,9
2019-05-03 11:38,7
2019-05-03 11:39,6
2019-05-03 11:40,7
2019-05-03 11:41,7
2019-05-03 11:42,9
2019-05-03 11:43,7
2019-05-03 11:44,7
2019-05-03 11:45,9
2019-05-03 11:46,10
2019-05-03 11:47,9
2019-05-03 11:48,11
2019-05-03 11:49,10
2019-05-03 11:50,8
2019-05-03 11:51,7
2019-05-03 11:52,8
2019-05-03 11:53,11
2019-05-03 11:54,11
2019-05-03 11:55,10
2019-05-03 11:56,10
2019-05-03 11:57,7
2019-05-03 11:58,4
2019-05-03 11:59,5
2019-05-03 12:0,14
2019-05-03 12:1,11
2019-05-03 12:2,12
2019-05-03 12:3,9
2019-05-03 12:4,12
2019-05-03 12:5,6
2019-05-03 12:6,9
2019-05-03 12:7,11
2019-05-03 12:8,11
2019-05-03 12:9,9
2019-05-03 12:10,10
2019-05-03 12:11,7
2019-05-03 12:12,7
2019-05-03 12:13,12
2019-05-03 12:14,8
2019-05-03 12:15,14
2019-05-03 12:16,11
2019-05-03 12:17,10
2019-05-03 12:18,9
2019-05-03 12:19,11
2019-05-03 12:20,10
2019-05-03 12:21,13
2019-05-03 12:22,6
2019-05-03 12:23,6
2019-05-03 12:24,3
2019-05-03 12:25,10
2019-05-03 12:26,4
2019-05-03 12:27,6
2019-05-03 12:28,9
2019-05-03 12:29,9
2019-05-03 12:30,8
2019-05-03 12:31,6
2019-05-03 12:32,8
2019-05-03 12:33,9
2019-05-03 12:34,11
2019-05-03 12:35,9
2019-05-03 12:36,9
2019-05-03 12:37,8
2019-05-03 12:38,10
2019-05-03 12:39,11
2019-05-03 12:40,10
2019-05-03 12:41,12
2019-05-03 12:42,11
2019-05-03 12:43,9
2019-05-03 12:44,11
2019-05-03 12:45,16
2019-05-03 12:46,18
2019-05-03 12:47,20
2019-05-03 12:48,14
2019-05-03 12:49,15
2019-05-03 12:50,14
2019-05-03 12:51,9
2019-05-03 12:52,11
2019-05-03 12:53,7
2019-05-03 12:54,8
2019-05-03 12:55,8
2019-05-03 12:56,6
2019-05-03 12:57,10
2019-05-03 12:58,6
2019-05-03 12:59,12
2019-05-03 13:0,9
2019-05-03 13:1,12
2019-05-03 13:2,16
2019-05-03 13:3,12
2019-05-03 13:4,15
2019-05-03 13:5,14
2019-05-03 13:6,11
2019-05-03 13:7,12
2019-05-03 13:8,11
2019-05-03 13:10,9
2019-05-03 13:11,9
2019-05-03 13:12,8
2019-05-03 13:13,13
2019-05-03 13:14,16
2019-05-03 13:15,10
2019-05-03 13:16,11
2019-05-03 13:17,5
2019-05-03 13:18,10
2019-05-03 13:20,13
2019-05-03 13:21,11
2019-05-03 13:22,15
2019-05-03 13:23,12
2019-05-03 13:24,14
2019-05-03 13:25,15
2019-05-03 13:26,15
2019-05-03 13:27,10
2019-05-03 13:28,9
2019-05-03 13:29,9
2019-05-03 13:30,9
2019-05-03 13:31,14
2019-05-03 13:32,10
2019-05-03 13:33,16
2019-05-03 13:34,11
2019-05-03 13:35,17
2019-05-03 13:36,16
2019-05-03 13:37,14
2019-05-03 13:38,14
2019-05-03 13:39,8
2019-05-03 13:40,8
2019-05-03 13:41,5
2019-05-03 13:42,8
2019-05-03 13:43,13
2019-05-03 13:44,9
2019-05-03 13:45,13
2019-05-03 13:46,17
2019-05-03 13:47,14
2019-05-03 13:48,18
2019-05-03 13:49,17
2019-05-03 13:50,17
2019-05-03 13:51,13
2019-05-03 13:52,16
2019-05-03 13:53,15
2019-05-03 13:54,15
2019-05-03 13:55,11
2019-05-03 13:56,17
2019-05-03 13:57,20
2019-05-03 13:58,19
2019-05-03 13:59,18
2019-05-03 14:0,13
2019-05-03 14:1,14
2019-05-03 14:2,13
2019-05-03 14:3,12
2019-05-03 14:4,11
2019-05-03 14:5,14
2019-05-03 14:6,8
2019-05-03 14:7,12
2019-05-03 14:8,8
2019-05-03 14:9,9
2019-05-03 14:10,12
2019-05-03 14:11,14
2019-05-03 14:12,10
2019-05-03 14:13,13
2019-05-03 14:14,11
2019-05-03 14:15,11
2019-05-03 14:16,9
2019-05-03 14:17,8
2019-05-03 14:18,12
2019-05-03 14:19,13
2019-05-03 14:20,8
2019-05-03 14:21,11
2019-05-03 14:22,12
2019-05-03 14:23,13
2019-05-03 14:24,13
2019-05-03 14:25,10
2019-05-03 14:26,8
2019-05-03 14:27,12
2019-05-03 14:28,15
2019-05-03 14:30,10
2019-05-03 14:31,9
2019-05-03 14:32,10
2019-05-03 14:33,7
2019-05-03 14:34,7
2019-05-03 14:35,11
2019-05-03 14:36,10
2019-05-03 14:37,11
2019-05-03 14:38,9
2019-05-03 14:39,7
2019-05-03 14:40,6
2019-05-03 14:41,8
2019-05-03 14:42,8
2019-05-03 14:43,8
2019-05-03 14:44,9
2019-05-03 14:45,10
2019-05-03 14:46,7
2019-05-03 14:47,8
2019-05-03 14:48,8
2019-05-03 14:49,8
2019-05-03 14:50,8
2019-05-03 14:51,10
2019-05-03 14:52,9
2019-05-03 14:53,15
2019-05-03 14:54,8
2019-05-03 14:55,6
2019-05-03 14:56,7
2019-05-03 14:57,9
2019-05-03 14:58,8
2019-05-03 14:59,7
2019-05-03 15:0,3
2019-05-03 15:1,9
2019-05-03 15:2,3
2019-05-03 15:3,5
2019-05-03 15:4,3
2019-05-03 15:5,3
2019-05-03 15:6,5
2019-05-03 15:7,8
2019-05-03 15:8,4
2019-05-03 15:9,5
2019-05-03 15:10,1
2019-05-03 15:11,0
2019-05-03 15:12,2
2019-05-03 15:13,2
2019-05-03 15:14,6
2019-05-03 15:15,6
2019-05-03 15:16,5
2019-05-03 15:17,2
2019-05-03 15:18,3
2019-05-03 15:19,2
2019-05-03 15:20,0
2019-05-03 15:21,3
2019-05-03 15:24,1
2019-05-03 15:25,6
2019-05-03 15:26,2
2019-05-03 15:27,3
2019-05-03 15:28,4
2019-05-03 15:29,3
2019-05-03 15:30,5
2019-05-03 15:31,5
2019-05-03 15:32,6
2019-05-03 15:33,3
2019-05-03 15:34,2
2019-05-03 15:35,2
2019-05-03 15:36,3
2019-05-03 15:37,5
2019-05-03 15:38,2
2019-05-03 15:40,3
2019-05-03 15:41,1
2019-05-03 15:42,6
2019-05-03 15:43,3
2019-05-03 15:44,2
2019-05-03 15:45,1
2019-05-03 15:46,1
2019-05-03 15:48,1
2019-05-03 15:49,1
2019-05-03 15:50,7
2019-05-03 15:51,3
2019-05-03 15:52,4
2019-05-03 15:53,11
2019-05-03 15:54,5
2019-05-03 15:55,5
2019-05-03 15:57,5
2019-05-03 15:58,4
2019-05-03 16:0,5
2019-05-03 16:1,6
2019-05-03 16:2,1
2019-05-03 16:3,1
2019-05-03 16:4,0
2019-05-03 16:5,3
2019-05-03 16:6,1
2019-05-03 16:7,2
2019-05-03 16:8,2
2019-05-03 16:9,1
2019-05-03 16:10,3
2019-05-03 16:11,3
2019-05-03 16:12,1
2019-05-03 16:13,1
2019-05-03 16:15,4
2019-05-03 16:16,2
2019-05-03 16:17,5
2019-05-03 16:18,2
2019-05-03 16:19,1
2019-05-03 16:20,3
2019-05-03 16:21,1
2019-05-03 16:22,2
2019-05-03 16:23,3
2019-05-03 16:24,5
2019-05-03 16:25,5
2019-05-03 16:26,3
2019-05-03 16:27,4
2019-05-03 16:28,3
2019-05-03 16:29,8
2019-05-03 16:30,4
2019-05-03 16:31,7
2019-05-03 16:32,7
2019-05-03 16:33,4
2019-05-03 16:34,4
2019-05-03 16:35,4
2019-05-03 16:36,6
2019-05-03 16:37,5
2019-05-03 16:38,6
2019-05-03 16:39,3
2019-05-03 16:40,5
2019-05-03 16:41,4
2019-05-03 16:42,3
2019-05-03 16:43,2
2019-05-03 16:44,1
2019-05-03 16:45,1
2019-05-03 16:46,3
2019-05-03 16:47,1
2019-05-03 16:48,2
2019-05-03 16:49,1
2019-05-03 16:50,3
2019-05-03 16:51,4
2019-05-03 16:52,2
2019-05-03 16:53,1
2019-05-03 16:54,2
2019-05-03 16:55,5
2019-05-03 16:56,2
2019-05-03 16:57,1
2019-05-03 16:58,3
2019-05-03 17:0,1
2019-05-03 17:2,0
2019-05-03 17:3,1
2019-05-03 17:4,0
2019-05-03 17:7,2
2019-05-03 17:11,1
2019-05-03 17:22,0
2019-05-03 17:24,1
2019-05-03 17:26,1
2019-05-03 17:27,1
2019-05-03 17:28,2
2019-05-03 17:30,7
2019-05-03 17:31,4
2019-05-03 17:32,3
2019-05-03 17:33,1
2019-05-03 17:34,1
2019-05-03 17:35,1
2019-05-03 17:36,2
2019-05-03 17:37,1
2019-05-03 17:38,1
2019-05-03 17:40,1
2019-05-03 17:41,3
2019-05-03 17:42,2
2019-05-03 17:43,2
2019-05-03 17:44,1
2019-05-03 17:45,5
2019-05-03 17:46,2
2019-05-03 17:47,2
2019-05-03 17:48,2
2019-05-03 17:49,2
2019-05-03 17:50,1
2019-05-03 17:51,0
2019-05-03 17:52,1
2019-05-03 17:53,3
2019-05-03 17:54,7
2019-05-03 17:55,5
2019-05-03 17:56,4
2019-05-03 17:57,3
2019-05-03 17:58,3
2019-05-03 17:59,7
2019-05-03 18:0,5
2019-05-03 18:1,4
2019-05-03 18:2,5
2019-05-03 18:3,9
2019-05-03 18:4,6
2019-05-03 18:5,4
2019-05-03 18:6,5
2019-05-03 18:7,9
2019-05-03 18:8,12
2019-05-03 18:9,9
2019-05-03 18:10,6
2019-05-03 18:11,9
2019-05-03 18:12,10
2019-05-03 18:13,11
2019-05-03 18:14,7
2019-05-03 18:15,8
2019-05-03 18:16,10
2019-05-03 18:17,6
2019-05-03 18:18,3
2019-05-03 18:19,5
2019-05-03 18:20,4
2019-05-03 18:21,3
2019-05-03 18:22,6
2019-05-03 18:23,5
2019-05-03 18:24,3
2019-05-03 18:25,3
2019-05-03 18:26,3
2019-05-03 18:27,3
2019-05-03 18:28,3
2019-05-03 18:30,7
2019-05-03 18:31,8
2019-05-03 18:32,7
2019-05-03 18:33,7
2019-05-03 18:34,5
2019-05-03 18:35,6
2019-05-03 18:36,6
2019-05-03 18:37,6
2019-05-03 18:38,2
2019-05-03 18:39,4
2019-05-03 18:40,3
2019-05-03 18:41,5
2019-05-03 18:42,2
2019-05-03 18:43,3
2019-05-03 18:44,6
2019-05-03 18:45,3
2019-05-03 18:46,3
2019-05-03 18:47,4
2019-05-03 18:48,5
2019-05-03 18:49,5
2019-05-03 18:50,4
2019-05-03 18:51,5
2019-05-03 18:52,4
2019-05-03 18:53,3
2019-05-03 18:54,4
2019-05-03 18:55,4
2019-05-03 18:56,4
2019-05-03 18:57,7
2019-05-03 18:58,5
2019-05-03 18:59,3
2019-05-03 19:0,5
2019-05-03 19:1,5
2019-05-03 19:2,5
2019-05-03 19:3,4
2019-05-03 19:4,4
2019-05-03 19:5,3
2019-05-03 19:6,6
2019-05-03 19:7,4
2019-05-03 19:8,5
2019-05-03 19:9,3
2019-05-03 19:10,6
2019-05-03 19:11,1
2019-05-03 19:12,6
2019-05-03 19:13,4
2019-05-03 19:14,4
2019-05-03 19:15,3
2019-05-03 19:16,1
2019-05-03 19:17,3
2019-05-03 19:18,1
2019-05-03 19:19,2
2019-05-03 19:20,2
2019-05-03 19:21,4
2019-05-03 19:22,0
2019-05-03 19:24,1
2019-05-03 19:28,1
2019-05-03 19:34,0
2019-05-03 21:0,1
2019-05-04 5:10,2
2019-05-04 5:11,1
2019-05-04 5:15,0
2019-05-04 5:22,3
2019-05-04 5:23,2
2019-05-04 5:24,3
2019-05-04 5:25,3
2019-05-04 5:26,2
2019-05-04 5:27,1
2019-05-04 5:28,2
2019-05-04 5:29,3
2019-05-04 5:30,1
2019-05-04 5:31,4
2019-05-04 5:32,0
2019-05-04 5:33,0
2019-05-04 5:34,2
2019-05-04 5:35,1
2019-05-04 5:36,1
2019-05-04 5:37,2
2019-05-04 5:38,2
2019-05-04 5:39,2
2019-05-04 5:40,0
2019-05-04 5:41,3
2019-05-04 5:42,2
2019-05-04 5:43,1
2019-05-04 5:44,0
2019-05-04 5:45,1
2019-05-04 5:46,1
2019-05-04 5:47,0
2019-05-04 5:48,1
2019-05-04 5:49,0
2019-05-04 5:50,0
2019-05-04 5:51,1
2019-05-04 5:52,1
2019-05-04 5:53,0
2019-05-04 5:54,1
2019-05-04 5:55,1
2019-05-04 5:56,0
2019-05-04 5:57,0
2019-05-04 5:58,1
2019-05-04 5:59,2
2019-05-04 6:0,1
2019-05-04 6:1,1
2019-05-04 6:6,2
2019-05-04 6:8,1
2019-05-04 6:10,2
2019-05-04 6:15,1
2019-05-04 6:16,1
2019-05-04 6:17,2
2019-05-04 6:18,1
2019-05-04 6:19,1
2019-05-04 6:20,1
2019-05-04 6:21,0
2019-05-04 6:22,3
2019-05-04 6:23,1
2019-05-04 6:24,3
2019-05-04 6:25,3
2019-05-04 6:26,4
2019-05-04 6:28,1
2019-05-04 6:29,3
2019-05-04 6:30,2
2019-05-04 6:31,3
2019-05-04 6:33,2
2019-05-04 6:34,3
2019-05-04 6:35,2
2019-05-04 6:36,2
2019-05-04 6:37,4
2019-05-04 6:38,3
2019-05-04 6:39,6
2019-05-04 6:40,3
2019-05-04 6:41,4
2019-05-04 6:42,2
2019-05-04 6:43,4
2019-05-04 6:44,2
2019-05-04 6:45,3
2019-05-04 6:46,4
2019-05-04 6:47,5
2019-05-04 6:48,6
2019-05-04 6:49,4
2019-05-04 6:50,1
2019-05-04 6:51,6
2019-05-04 6:52,3
2019-05-04 6:53,3
2019-05-04 6:54,1
2019-05-04 6:55,4
2019-05-04 6:56,3
2019-05-04 6:57,1
2019-05-04 6:58,1
2019-05-04 6:59,0
2019-05-04 7:0,4
2019-05-04 7:1,4
2019-05-04 7:2,3
2019-05-04 7:3,3
2019-05-04 7:4,3
2019-05-04 7:5,3
2019-05-04 7:6,4
2019-05-04 7:7,1
2019-05-04 7:8,4
2019-05-04 7:9,4
2019-05-04 7:10,3
2019-05-04 7:11,5
2019-05-04 7:12,1
2019-05-04 7:13,1
2019-05-04 7:14,2
2019-05-04 7:15,1
2019-05-04 7:16,2
2019-05-04 7:17,7
2019-05-04 7:18,5
2019-05-04 7:19,1
2019-05-04 7:20,1
2019-05-04 7:21,4
2019-05-04 7:22,7
2019-05-04 7:23,6
2019-05-04 7:24,5
2019-05-04 7:25,4
2019-05-04 7:26,2
2019-05-04 7:27,2
2019-05-04 7:28,2
2019-05-04 7:29,5
2019-05-04 7:30,5
2019-05-04 7:31,1
2019-05-04 7:32,3
2019-05-04 7:33,1
2019-05-04 7:34,1
2019-05-04 7:35,1
2019-05-04 7:36,5
2019-05-04 7:37,1
2019-05-04 7:38,3
2019-05-04 7:39,4
2019-05-04 7:40,2
2019-05-04 7:41,4
2019-05-04 7:42,3
2019-05-04 7:43,2
2019-05-04 7:44,2
2019-05-04 7:45,4
2019-05-04 7:46,6
2019-05-04 7:47,3
2019-05-04 7:48,4
2019-05-04 7:49,2
2019-05-04 7:50,1
2019-05-04 7:51,1
2019-05-04 7:52,4
2019-05-04 7:53,3
2019-05-04 7:54,2
2019-05-04 7:55,3
2019-05-04 7:56,0
2019-05-04 7:57,0
2019-05-04 7:58,4
2019-05-04 7:59,4
2019-05-04 8:0,2
2019-05-04 8:1,4
2019-05-04 8:2,0
2019-05-04 8:3,0
2019-05-04 8:4,3
2019-05-04 8:5,3
2019-05-04 8:6,6
2019-05-04 8:7,3
2019-05-04 8:8,4
2019-05-04 8:10,3
2019-05-04 8:11,2
2019-05-04 8:12,1
2019-05-04 8:13,2
2019-05-04 8:14,4
2019-05-04 8:15,4
2019-05-04 8:16,3
2019-05-04 8:17,1
2019-05-04 8:18,1
2019-05-04 8:19,4
2019-05-04 8:20,4
2019-05-04 8:21,3
2019-05-04 8:22,1
2019-05-04 8:23,5
2019-05-04 8:24,4
2019-05-04 8:25,1
2019-05-04 8:26,1
2019-05-04 8:27,4
2019-05-04 8:28,6
2019-05-04 8:29,2
2019-05-04 8:30,6
2019-05-04 8:31,4
2019-05-04 8:32,6
2019-05-04 8:33,1
2019-05-04 8:34,4
2019-05-04 8:35,6
2019-05-04 8:36,4
2019-05-04 8:37,2
2019-05-04 8:38,5
2019-05-04 8:39,4
2019-05-04 8:40,7
2019-05-04 8:41,6
2019-05-04 8:42,9
2019-05-04 8:43,4
2019-05-04 8:44,3
2019-05-04 8:45,3
2019-05-04 8:46,4
2019-05-04 8:47,4
2019-05-04 8:48,2
2019-05-04 8:49,4
2019-05-04 8:50,5
2019-05-04 8:51,7
2019-05-04 8:52,9
2019-05-04 8:53,7
2019-05-04 8:54,10
2019-05-04 8:55,7
2019-05-04 8:56,5
2019-05-04 8:57,4
2019-05-04 8:58,5
2019-05-04 8:59,5
2019-05-04 9:0,3
2019-05-04 9:1,6
2019-05-04 9:2,6
2019-05-04 9:3,9
2019-05-04 9:4,8
2019-05-04 9:5,10
2019-05-04 9:6,4
2019-05-04 9:7,6
2019-05-04 9:8,7
2019-05-04 9:9,3
2019-05-04 9:10,8
2019-05-04 9:11,6
2019-05-04 9:12,6
2019-05-04 9:13,7
2019-05-04 9:14,8
2019-05-04 9:15,5
2019-05-04 9:16,6
2019-05-04 9:17,1
2019-05-04 9:18,4
2019-05-04 9:19,4
2019-05-04 9:20,3
2019-05-04 9:21,1
2019-05-04 9:22,6
2019-05-04 9:23,6
2019-05-04 9:24,7
2019-05-04 9:25,5
2019-05-04 9:26,7
2019-05-04 9:27,8
2019-05-04 9:28,5
2019-05-04 9:29,11
2019-05-04 9:30,6
2019-05-04 9:31,11
2019-05-04 9:32,6
2019-05-04 9:33,10
2019-05-04 9:34,15
2019-05-04 9:35,13
2019-05-04 9:36,6
2019-05-04 9:37,10
2019-05-04 9:38,11
2019-05-04 9:39,8
2019-05-04 9:40,12
2019-05-04 9:41,9
2019-05-04 9:42,15
2019-05-04 9:43,10
2019-05-04 9:44,8
2019-05-04 9:45,8
2019-05-04 9:46,12
2019-05-04 9:47,13
2019-05-04 9:48,14
2019-05-04 9:49,11
2019-05-04 9:50,12
2019-05-04 9:51,10
2019-05-04 9:52,9
2019-05-04 9:53,12
2019-05-04 9:54,18
2019-05-04 9:55,18
2019-05-04 9:56,13
2019-05-04 9:57,16
2019-05-04 9:58,16
2019-05-04 9:59,20
2019-05-04 10:0,20
2019-05-04 10:1,16
2019-05-04 10:2,13
2019-05-04 10:3,17
2019-05-04 10:4,17
2019-05-04 10:5,19
2019-05-04 10:6,14
2019-05-04 10:7,21
2019-05-04 10:8,15
2019-05-04 10:9,14
2019-05-04 10:10,17
2019-05-04 10:11,13
2019-05-04 10:12,14
2019-05-04 10:13,13
2019-05-04 10:14,17
2019-05-04 10:15,15
2019-05-04 10:16,18
2019-05-04 10:17,17
2019-05-04 10:18,15
2019-05-04 10:19,17
2019-05-04 10:20,16
2019-05-04 10:21,11
2019-05-04 10:22,15
2019-05-04 10:23,16
2019-05-04 10:24,14
2019-05-04 10:25,12
2019-05-04 10:26,10
2019-05-04 10:27,12
2019-05-04 10:28,10
2019-05-04 10:29,10
2019-05-04 10:30,15
2019-05-04 10:31,11
2019-05-04 10:32,8
2019-05-04 10:33,12
2019-05-04 10:34,11
2019-05-04 10:35,11
2019-05-04 10:36,13
2019-05-04 10:37,9
2019-05-04 10:38,10
2019-05-04 10:39,8
2019-05-04 10:40,12
2019-05-04 10:41,10
2019-05-04 10:42,13
2019-05-04 10:43,16
2019-05-04 10:44,15
2019-05-04 10:45,11
2019-05-04 10:46,13
2019-05-04 10:47,12
2019-05-04 10:48,17
2019-05-04 10:49,19
2019-05-04 10:50,16
2019-05-04 10:51,17
2019-05-04 10:52,16
2019-05-04 10:53,12
2019-05-04 10:54,17
2019-05-04 10:55,15
2019-05-04 10:56,12
2019-05-04 10:57,14
2019-05-04 10:58,20
2019-05-04 10:59,15
2019-05-04 11:0,9
2019-05-04 11:1,8
2019-05-04 11:2,12
2019-05-04 11:3,12
2019-05-04 11:4,14
2019-05-04 11:5,12
2019-05-04 11:6,7
2019-05-04 11:7,10
2019-05-04 11:8,7
2019-05-04 11:10,10
2019-05-04 14:51,9
2019-05-04 14:52,14
2019-05-04 14:53,11
2019-05-04 14:54,17
2019-05-04 14:55,15
2019-05-04 14:56,12
2019-05-04 14:57,10
2019-05-04 14:58,11
2019-05-04 15:0,15
2019-05-04 15:1,14
2019-05-04 15:2,12
2019-05-04 15:3,14
2019-05-04 15:4,13
2019-05-04 15:5,15
2019-05-04 15:6,15
2019-05-04 15:7,19
2019-05-04 15:8,15
2019-05-04 15:9,14
2019-05-04 15:10,21
2019-05-04 15:11,21
2019-05-04 15:12,15
2019-05-04 15:13,11
2019-05-04 15:14,14
2019-05-04 15:15,18
2019-05-04 15:16,14
2019-05-04 15:17,10
2019-05-04 15:18,16
2019-05-04 15:19,12
2019-05-04 15:20,12
2019-05-04 15:21,13
2019-05-04 15:22,9
2019-05-04 15:23,8
2019-05-04 15:24,7
2019-05-04 15:25,9
2019-05-04 15:26,13
2019-05-04 15:27,9
2019-05-04 15:28,14
2019-05-04 15:29,15
2019-05-04 15:30,14
2019-05-04 15:31,14
2019-05-04 15:32,8
2019-05-04 15:33,10
2019-05-04 15:34,9
2019-05-04 15:35,14
2019-05-04 15:36,24
2019-05-04 15:37,15
2019-05-04 15:38,14
2019-05-04 15:39,16
2019-05-04 15:40,14
2019-05-04 15:41,13
2019-05-04 15:42,13
2019-05-04 15:43,11
2019-05-04 15:44,5
2019-05-04 15:45,10
2019-05-04 15:46,4
2019-05-04 15:47,7
2019-05-04 15:48,10
2019-05-04 15:49,5
2019-05-04 15:50,7
2019-05-04 15:51,8
2019-05-04 15:52,5
2019-05-04 15:53,7
2019-05-04 15:54,4
2019-05-04 15:55,8
2019-05-04 15:56,4
2019-05-04 15:57,5
2019-05-04 15:58,5
2019-05-04 15:59,5
2019-05-04 16:0,5
2019-05-04 16:1,7
2019-05-04 16:2,5
2019-05-04 16:3,5
2019-05-04 16:4,3
2019-05-04 16:5,10
2019-05-04 16:6,2
2019-05-04 16:7,1
2019-05-04 16:8,2
2019-05-04 16:10,11
2019-05-04 16:11,8
2019-05-04 16:12,7
2019-05-04 16:13,5
2019-05-04 16:14,4
2019-05-04 16:15,7
2019-05-04 16:16,8
2019-05-04 16:17,7
2019-05-04 16:18,6
2019-05-04 16:19,10
2019-05-04 16:20,8
2019-05-04 16:21,9
2019-05-04 16:22,5
2019-05-04 16:23,5
2019-05-04 16:24,6
2019-05-04 16:25,7
2019-05-04 16:26,6
2019-05-04 16:27,6
2019-05-04 16:28,4
2019-05-04 16:29,9
2019-05-04 16:30,8
2019-05-04 16:31,5
2019-05-04 16:32,6
2019-05-04 16:33,12
2019-05-04 16:34,5
2019-05-04 16:35,5
2019-05-04 16:36,10
2019-05-04 16:37,5
2019-05-04 16:38,5
2019-05-04 16:39,7
2019-05-04 16:40,6
2019-05-04 16:41,4
2019-05-04 16:42,4
2019-05-04 16:43,4
2019-05-04 16:44,7
2019-05-04 16:45,9
2019-05-04 16:46,7
2019-05-04 16:47,6
2019-05-04 16:48,1
2019-05-04 16:49,5
2019-05-04 16:50,3
2019-05-04 16:51,7
2019-05-04 16:52,6
2019-05-04 16:53,4
2019-05-04 16:54,6
2019-05-04 16:55,9
2019-05-04 16:56,9
2019-05-04 16:57,8
2019-05-04 16:58,9
2019-05-04 16:59,3
2019-05-04 17:0,3
2019-05-04 17:1,5
2019-05-04 17:2,9
2019-05-04 17:3,9
2019-05-04 17:4,5
2019-05-04 17:5,8
2019-05-04 17:6,9
2019-05-04 17:7,5
2019-05-04 17:8,6
2019-05-04 17:10,6
2019-05-04 17:11,4
2019-05-04 17:12,5
2019-05-04 17:13,9
2019-05-04 17:14,8
2019-05-04 17:15,11
2019-05-04 17:16,11
2019-05-04 17:17,9
2019-05-04 17:18,4
2019-05-04 17:19,4
2019-05-04 17:20,9
2019-05-04 17:21,4
2019-05-04 17:22,10
2019-05-04 17:23,11
2019-05-04 17:24,7
2019-05-04 17:25,10
2019-05-04 17:26,12
2019-05-04 17:27,11
2019-05-04 17:28,11
2019-05-04 17:29,9
2019-05-04 17:30,7
2019-05-04 17:31,6
2019-05-04 17:32,5
2019-05-04 17:33,9
2019-05-04 17:34,1
2019-05-04 17:35,2
2019-05-04 17:36,2
2019-05-04 17:37,3
2019-05-04 17:38,7
2019-05-04 17:39,1
2019-05-04 17:40,10
2019-05-04 17:41,1
2019-05-04 17:42,6
2019-05-04 17:43,6
2019-05-04 17:44,4
2019-05-04 17:45,3
2019-05-04 17:46,4
2019-05-04 17:47,6
2019-05-04 17:48,2
2019-05-04 17:49,5
2019-05-04 17:50,2
2019-05-04 17:51,4
2019-05-04 17:52,2
2019-05-04 17:53,2
2019-05-04 17:54,4
2019-05-04 17:55,5
2019-05-04 17:56,5
2019-05-04 17:57,4
2019-05-04 17:58,3
2019-05-04 17:59,8
2019-05-04 18:0,4
2019-05-04 18:1,4
2019-05-04 18:2,3
2019-05-04 18:3,4
2019-05-04 18:4,8
2019-05-04 18:5,6
2019-05-04 18:6,7
2019-05-04 18:7,4
2019-05-04 18:8,4
2019-05-04 18:9,8
2019-05-04 18:10,7
2019-05-04 18:11,3
2019-05-04 18:12,2
2019-05-04 18:13,7
2019-05-04 18:14,5
2019-05-04 18:15,4
2019-05-04 18:16,7
2019-05-04 18:17,5
2019-05-04 18:18,4
2019-05-04 18:19,3
2019-05-04 18:20,1
2019-05-04 18:21,1
2019-05-04 18:22,0
2019-05-04 18:23,4
2019-05-04 18:24,2
2019-05-04 18:25,2
2019-05-04 18:26,0
2019-05-04 18:27,1
2019-05-04 18:28,2
2019-05-04 18:29,3
2019-05-04 18:30,10
2019-05-04 18:31,3
2019-05-04 18:32,6
2019-05-04 18:33,5
2019-05-04 18:34,5
2019-05-04 18:35,4
2019-05-04 18:36,8
2019-05-04 18:37,5
2019-05-04 18:38,5
2019-05-04 18:39,3
2019-05-04 18:40,4
2019-05-04 18:41,5
2019-05-04 18:42,2
2019-05-04 18:43,6
2019-05-04 18:44,4
2019-05-04 18:45,6
2019-05-04 18:46,3
2019-05-04 18:47,6
2019-05-04 18:48,3
2019-05-04 18:49,4
2019-05-04 18:50,3
2019-05-04 18:51,3
2019-05-04 18:54,1
2019-05-04 18:55,3
2019-05-04 18:56,2
2019-05-04 18:57,1
2019-05-04 18:58,1
2019-05-04 18:59,3
2019-05-04 19:1,1
2019-05-04 19:2,1
2019-05-04 19:3,3
2019-05-04 19:4,1
2019-05-04 19:5,2
2019-05-04 19:6,2
2019-05-04 19:7,4
2019-05-04 19:8,7
2019-05-04 19:9,3
2019-05-04 19:10,4
2019-05-04 19:11,8
2019-05-04 19:12,3
2019-05-04 19:13,4
2019-05-04 19:14,5
2019-05-04 19:15,2
2019-05-04 19:16,5
2019-05-04 19:17,2
2019-05-04 19:18,0
2019-05-04 19:20,1
2019-05-04 19:21,0
2019-05-04 19:23,1
2019-05-04 19:24,0
2019-05-04 19:26,1
2019-05-04 19:27,2
2019-05-04 19:28,1
2019-05-04 19:29,3
2019-05-04 19:41,1
2019-05-04 20:54,0
2019-05-05 5:7,5
2019-05-05 5:8,6
2019-05-05 5:9,5
2019-05-05 5:10,6
2019-05-05 5:11,8
2019-05-05 5:12,7
2019-05-05 5:13,6
2019-05-05 5:14,6
2019-05-05 5:15,7
2019-05-05 5:16,8
2019-05-05 5:17,8
2019-05-05 5:18,8
2019-05-05 5:19,5
2019-05-05 5:20,7
2019-05-05 5:21,4
2019-05-05 5:22,5
2019-05-05 5:23,4
2019-05-05 5:24,5
2019-05-05 5:25,4
2019-05-05 5:26,6
2019-05-05 5:27,5
2019-05-05 5:28,3
2019-05-05 5:29,2
2019-05-05 5:30,2
2019-05-05 5:31,3
2019-05-05 5:32,3
2019-05-05 5:33,1
2019-05-05 5:34,2
2019-05-05 5:35,4
2019-05-05 5:36,2
2019-05-05 5:37,3
2019-05-05 5:38,1
2019-05-05 5:39,3
2019-05-05 5:40,3
2019-05-05 5:41,2
2019-05-05 5:42,5
2019-05-05 5:43,5
2019-05-05 5:44,4
2019-05-05 5:45,6
2019-05-05 5:46,5
2019-05-05 5:47,3
2019-05-05 5:48,2
2019-05-05 5:49,1
2019-05-05 5:50,2
2019-05-05 5:51,4
2019-05-05 5:52,3
2019-05-05 5:53,3
2019-05-05 5:54,3
2019-05-05 5:55,4
2019-05-05 5:56,6
2019-05-05 5:57,5
2019-05-05 5:58,6
2019-05-05 5:59,5
2019-05-05 6:0,7
2019-05-05 6:1,1
2019-05-05 6:2,1
2019-05-05 6:3,0
2019-05-05 6:7,1
2019-05-05 6:22,1
2019-05-05 6:23,2
2019-05-05 6:24,1
2019-05-05 6:26,1
2019-05-05 6:30,2
2019-05-05 6:37,1
2019-05-05 6:41,1
2019-05-05 6:44,2
2019-05-05 6:47,1
2019-05-05 6:50,1
2019-05-05 6:55,1
2019-05-05 6:56,0
2019-05-05 6:59,1
2019-05-05 7:6,1
2019-05-05 7:18,2
2019-05-05 7:19,1
2019-05-05 7:21,0
2019-05-05 7:27,1
2019-05-05 7:31,2
2019-05-05 7:33,3
2019-05-05 7:36,0
2019-05-05 7:38,1
2019-05-05 7:40,3
2019-05-05 7:41,1
2019-05-05 7:48,1
2019-05-05 7:52,1
2019-05-05 7:55,8
2019-05-05 7:58,1
2019-05-05 7:59,1
2019-05-05 8:4,3
2019-05-05 8:5,3
2019-05-05 8:6,5
2019-05-05 8:7,4
2019-05-05 8:8,2
2019-05-05 8:9,4
2019-05-05 8:10,2
2019-05-05 8:11,3
2019-05-05 8:12,5
2019-05-05 8:13,1
2019-05-05 8:14,5
2019-05-05 8:15,2
2019-05-05 8:16,7
2019-05-05 8:17,5
2019-05-05 8:18,3
2019-05-05 8:19,6
2019-05-05 8:20,3
2019-05-05 8:21,3
2019-05-05 8:22,2
2019-05-05 8:23,3
2019-05-05 8:24,3
2019-05-05 8:25,5
2019-05-05 8:26,6
2019-05-05 8:27,7
2019-05-05 8:28,1
2019-05-05 8:29,2
2019-05-05 8:30,4
2019-05-05 8:31,2
2019-05-05 8:32,3
2019-05-05 8:33,3
2019-05-05 8:34,3
2019-05-05 8:35,2
2019-05-05 8:36,1
2019-05-05 8:37,6
2019-05-05 8:38,2
2019-05-05 8:39,4
2019-05-05 8:40,3
2019-05-05 8:41,4
2019-05-05 8:42,3
2019-05-05 8:43,7
2019-05-05 8:44,2
2019-05-05 8:45,6
2019-05-05 8:46,2
2019-05-05 8:47,1
2019-05-05 8:48,1
2019-05-05 8:50,3
2019-05-05 8:51,2
2019-05-05 8:52,2
2019-05-05 8:54,2
2019-05-05 8:55,5
2019-05-05 8:56,3
2019-05-05 8:57,5
2019-05-05 8:58,3
2019-05-05 9:0,2
2019-05-05 9:1,3
2019-05-05 9:2,2
2019-05-05 9:3,2
2019-05-05 9:4,1
2019-05-05 9:5,3
2019-05-05 9:6,5
2019-05-05 9:7,8
2019-05-05 9:8,3
2019-05-05 9:9,4
2019-05-05 9:10,5
2019-05-05 9:11,7
2019-05-05 9:12,3
2019-05-05 9:13,4
2019-05-05 9:14,0
2019-05-05 9:15,3
2019-05-05 9:16,1
2019-05-05 9:17,6
2019-05-05 9:18,2
2019-05-05 9:19,3
2019-05-05 9:20,3
2019-05-05 9:21,3
2019-05-05 9:22,5
2019-05-05 9:23,2
2019-05-05 9:24,6
2019-05-05 9:25,2
2019-05-05 9:26,1
2019-05-05 9:27,0
2019-05-05 9:28,1
2019-05-05 9:29,1
2019-05-05 9:30,1
2019-05-05 9:31,0
2019-05-05 9:32,4
2019-05-05 9:33,3
2019-05-05 9:34,4
2019-05-05 9:35,3
2019-05-05 9:36,5
2019-05-05 9:37,6
2019-05-05 9:38,4
2019-05-05 9:39,5
2019-05-05 9:40,1
2019-05-05 9:41,2
2019-05-05 9:42,1
2019-05-05 9:43,6
2019-05-05 9:44,2
2019-05-05 9:45,5
2019-05-05 9:46,1
2019-05-05 9:47,1
2019-05-05 9:48,6
2019-05-05 9:49,3
2019-05-05 9:50,3
2019-05-05 9:51,3
2019-05-05 9:52,9
2019-05-05 9:53,7
2019-05-05 9:54,8
2019-05-05 9:55,4
2019-05-05 9:56,11
2019-05-05 9:57,13
2019-05-05 9:58,9
2019-05-05 9:59,10
2019-05-05 10:0,9
2019-05-05 10:1,15
2019-05-05 10:2,8
2019-05-05 10:3,6
2019-05-05 10:4,2
2019-05-05 10:5,4
2019-05-05 10:6,6
2019-05-05 10:7,7
2019-05-05 10:8,6
2019-05-05 10:10,12
2019-05-05 10:11,6
2019-05-05 10:12,8
2019-05-05 10:13,10
2019-05-05 10:14,15
2019-05-05 10:15,10
2019-05-05 10:16,5
2019-05-05 10:17,4
2019-05-05 10:18,9
2019-05-05 10:19,10
2019-05-05 10:20,8
2019-05-05 10:21,7
2019-05-05 10:22,10
2019-05-05 10:23,8
2019-05-05 10:24,7
2019-05-05 10:25,3
2019-05-05 10:26,15
2019-05-05 10:27,6
2019-05-05 10:28,4
2019-05-05 10:29,7
2019-05-05 10:30,5
2019-05-05 10:31,6
2019-05-05 10:32,8
2019-05-05 10:33,7
2019-05-05 10:34,8
2019-05-05 10:35,6
2019-05-05 10:36,6
2019-05-05 10:37,3
2019-05-05 10:38,4
2019-05-05 10:40,6
2019-05-05 10:41,8
2019-05-05 10:42,7
2019-05-05 10:43,4
2019-05-05 10:44,5
2019-05-05 10:45,5
2019-05-05 10:46,10
2019-05-05 10:47,6
2019-05-05 10:48,4
2019-05-05 10:49,2
2019-05-05 10:50,8
2019-05-05 10:51,7
2019-05-05 10:52,6
2019-05-05 10:53,9
2019-05-05 10:54,12
2019-05-05 10:55,5
2019-05-05 10:56,3
2019-05-05 10:57,5
2019-05-05 10:58,3
2019-05-05 10:59,2
2019-05-05 11:0,8
2019-05-05 11:1,8
2019-05-05 11:2,11
2019-05-05 11:3,11
2019-05-05 11:4,11
2019-05-05 11:5,7
2019-05-05 11:6,11
2019-05-05 11:7,12
2019-05-05 11:8,9
2019-05-05 11:9,7
2019-05-05 11:10,7
2019-05-05 11:11,8
2019-05-05 11:12,2
2019-05-05 11:13,8
2019-05-05 11:14,2
2019-05-05 11:21,7
2019-05-05 11:22,7
2019-05-05 11:23,16
2019-05-05 11:24,8
2019-05-05 11:25,7
2019-05-05 11:26,11
2019-05-05 11:27,2
2019-05-05 11:28,6
2019-05-05 11:29,5
2019-05-05 11:30,8
2019-05-05 11:31,7
2019-05-05 11:32,7
2019-05-05 11:33,16
2019-05-05 11:34,8
2019-05-05 11:35,7
2019-05-05 11:36,11
2019-05-05 11:37,2
2019-05-05 11:38,6
2019-05-05 11:39,5
2019-05-05 11:40,8
2019-05-05 11:41,7
2019-05-05 11:42,7
2019-05-05 11:43,16
2019-05-05 11:44,8
2019-05-05 11:45,7
2019-05-05 11:46,11
2019-05-05 11:47,2
2019-05-05 11:48,6
2019-05-05 11:49,5
2019-05-05 11:50,8
2019-05-05 11:51,7
2019-05-05 11:52,7
2019-05-05 11:53,16
2019-05-05 11:54,8
2019-05-05 11:55,7
2019-05-05 11:56,11
2019-05-05 11:57,2
2019-05-05 11:58,6
2019-05-05 11:59,5
2019-05-05 12:0,8
2019-05-05 12:1,7
2019-05-05 12:2,7
2019-05-05 12:3,16
2019-05-05 12:4,8
2019-05-05 12:5,7
2019-05-05 12:6,11
2019-05-05 12:7,2
2019-05-05 12:8,6
2019-05-05 12:9,5
2019-05-05 12:10,8
2019-05-05 12:11,7
2019-05-05 12:12,7
2019-05-05 12:13,16
2019-05-05 12:14,8
2019-05-05 12:15,7
2019-05-05 12:16,11
2019-05-05 12:17,2
2019-05-05 12:18,6
2019-05-05 12:20,8
2019-05-05 12:21,7
2019-05-05 12:22,7
2019-05-05 12:23,16
2019-05-05 12:24,8
2019-05-05 12:25,7
2019-05-05 12:26,11
2019-05-05 12:27,2
2019-05-05 12:28,6
2019-05-05 12:30,8
2019-05-05 12:31,7
2019-05-05 12:32,7
2019-05-05 12:33,16
2019-05-05 12:34,8
2019-05-05 12:35,7
2019-05-05 12:36,11
2019-05-05 12:37,2
2019-05-05 12:38,6
2019-05-05 12:39,5
2019-05-05 12:40,8
2019-05-05 12:41,7
2019-05-05 12:42,7
2019-05-05 12:43,16
2019-05-05 12:44,8
2019-05-05 12:45,7
2019-05-05 12:46,11
2019-05-05 12:47,2
2019-05-05 12:48,6
2019-05-05 12:49,5
2019-05-05 12:50,8
2019-05-05 12:51,7
2019-05-05 12:52,7
2019-05-05 12:53,16
2019-05-05 12:54,8
2019-05-05 12:55,7
2019-05-05 12:56,11
2019-05-05 12:57,2
2019-05-05 12:58,6
2019-05-05 12:59,5
2019-05-05 13:0,8
2019-05-05 13:1,7
2019-05-05 13:2,7
2019-05-05 13:3,16
2019-05-05 13:4,8
2019-05-05 13:5,7
2019-05-05 13:6,11
2019-05-05 13:7,2
2019-05-05 13:8,6
2019-05-05 13:9,5
2019-05-05 13:10,8
2019-05-05 13:11,5
2019-05-05 13:12,4
2019-05-05 13:13,5
2019-05-05 13:14,11
2019-05-05 13:15,4
2019-05-05 13:16,5
2019-05-05 13:17,7
2019-05-05 13:18,8
2019-05-05 13:19,6
2019-05-05 13:20,4
2019-05-05 13:21,5
2019-05-05 13:22,10
2019-05-05 13:23,7
2019-05-05 13:24,15
2019-05-05 13:25,6
2019-05-05 13:31,12
2019-05-05 13:32,11
2019-05-05 13:33,9
2019-05-05 13:34,9
2019-05-05 13:35,9
2019-05-05 13:36,11
2019-05-05 13:37,7
2019-05-05 13:38,4
2019-05-05 13:39,9
2019-05-05 13:40,11
2019-05-05 13:41,9
2019-05-05 13:42,12
2019-05-05 13:43,7
2019-05-05 13:44,10
2019-05-05 13:45,9
2019-05-05 13:46,8
2019-05-05 13:47,11
2019-05-05 13:48,11
2019-05-05 13:49,6
2019-05-05 13:50,8
2019-05-05 13:51,11
2019-05-05 13:52,9
2019-05-05 13:53,15
2019-05-05 13:54,15
2019-05-05 13:55,16
2019-05-05 13:56,14
2019-05-05 13:57,13
2019-05-05 13:58,14
2019-05-05 14:0,10
2019-05-05 14:1,7
2019-05-05 14:2,16
2019-05-05 14:3,16
2019-05-05 14:4,9
2019-05-05 14:5,14
2019-05-05 14:6,13
2019-05-05 14:7,16
2019-05-05 14:8,13
2019-05-05 14:10,16
2019-05-05 14:11,11
2019-05-05 14:12,16
2019-05-05 14:13,12
2019-05-05 14:14,9
2019-05-05 14:15,11
2019-05-05 14:16,12
2019-05-05 14:17,12
2019-05-05 14:18,8
2019-05-05 14:19,9
2019-05-05 14:20,7
2019-05-05 14:21,7
2019-05-05 14:22,9
2019-05-05 14:23,7
2019-05-05 14:24,9
2019-05-05 14:25,14
2019-05-05 14:26,13
2019-05-05 14:27,10
2019-05-05 14:28,8
2019-05-05 14:29,8
2019-05-05 14:30,9
2019-05-05 14:31,11
2019-05-05 14:32,11
2019-05-05 14:33,6
2019-05-05 14:34,10
2019-05-05 14:35,6
2019-05-05 14:36,10
2019-05-05 14:37,8
2019-05-05 14:38,7
2019-05-05 14:39,13
2019-05-05 14:40,11
2019-05-05 14:41,14
2019-05-05 14:42,13
2019-05-05 14:43,9
2019-05-05 14:44,14
2019-05-05 14:45,12
2019-05-05 14:46,14
2019-05-05 14:47,14
2019-05-05 14:48,17
2019-05-05 14:49,13
2019-05-05 14:50,10
2019-05-05 14:51,9
2019-05-05 14:52,11
2019-05-05 14:53,8
2019-05-05 14:54,12
2019-05-05 14:55,9
2019-05-05 14:56,9
2019-05-05 14:57,5
2019-05-05 14:58,4
2019-05-05 14:59,1
2019-05-05 15:1,3
2019-05-05 15:2,3
2019-05-05 15:3,3
2019-05-05 15:4,4
2019-05-05 15:5,3
2019-05-05 15:6,10
2019-05-05 15:7,4
2019-05-05 15:8,1
2019-05-05 15:9,8
2019-05-05 15:10,5
2019-05-05 15:11,1
2019-05-05 15:12,5
2019-05-05 15:13,4
2019-05-05 15:14,5
2019-05-05 15:15,8
2019-05-05 15:16,4
2019-05-05 15:17,6
2019-05-05 15:18,4
2019-05-05 15:19,2
2019-05-05 15:20,5
2019-05-05 15:21,5
2019-05-05 15:22,2
2019-05-05 15:23,2
2019-05-05 15:24,0
2019-05-05 15:25,2
2019-05-05 15:26,0
2019-05-05 15:27,5
2019-05-05 15:28,7
2019-05-05 15:29,3
2019-05-05 15:30,1
2019-05-05 15:31,2
2019-05-05 15:32,1
2019-05-05 15:33,1
2019-05-05 15:34,3
2019-05-05 15:35,2
2019-05-05 15:36,2
2019-05-05 15:37,4
2019-05-05 15:38,3
2019-05-05 15:39,1
2019-05-05 15:40,0
2019-05-05 15:43,1
2019-05-05 15:44,6
2019-05-05 15:45,6
2019-05-05 15:46,5
2019-05-05 15:47,5
2019-05-05 15:48,2
2019-05-05 15:49,8
2019-05-05 15:50,9
2019-05-05 15:51,6
2019-05-05 15:52,6
2019-05-05 15:53,2
2019-05-05 15:54,4
2019-05-05 15:55,3
2019-05-05 15:56,3
2019-05-05 15:57,4
2019-05-05 15:58,6
2019-05-05 15:59,4
2019-05-05 16:0,5
2019-05-05 16:1,5
2019-05-05 16:2,5
2019-05-05 16:3,2
2019-05-05 16:4,5
2019-05-05 16:5,6
2019-05-05 16:6,5
2019-05-05 16:7,2
2019-05-05 16:8,5
2019-05-05 16:9,7
2019-05-05 16:10,4
2019-05-05 16:11,6
2019-05-05 16:12,2
2019-05-05 16:13,3
2019-05-05 16:14,1
2019-05-05 16:15,2
2019-05-05 16:16,0
2019-05-05 16:17,8
2019-05-05 16:18,7
2019-05-05 16:19,4
2019-05-05 16:20,7
2019-05-05 16:21,5
2019-05-05 16:22,4
2019-05-05 16:23,1
2019-05-05 16:24,5
2019-05-05 16:25,1
2019-05-05 16:26,3
2019-05-05 16:27,3
2019-05-05 16:28,3
2019-05-05 16:29,6
2019-05-05 16:30,4
2019-05-05 16:31,2
2019-05-05 16:32,7
2019-05-05 16:33,2
2019-05-05 16:34,9
2019-05-05 16:35,3
2019-05-05 16:36,7
2019-05-05 16:37,6
2019-05-05 16:38,6
2019-05-05 16:39,5
2019-05-05 16:40,4
2019-05-05 16:41,5
2019-05-05 16:42,6
2019-05-05 16:43,8
2019-05-05 16:44,4
2019-05-05 16:45,8
2019-05-05 16:46,8
2019-05-05 16:47,3
2019-05-05 16:48,4
2019-05-05 16:49,5
2019-05-05 16:50,4
2019-05-05 16:51,5
2019-05-05 16:52,4
2019-05-05 16:53,7
2019-05-05 16:54,3
2019-05-05 16:55,2
2019-05-05 16:56,3
2019-05-05 16:57,4
2019-05-05 16:58,5
2019-05-05 17:0,6
2019-05-05 17:1,4
2019-05-05 17:2,6
2019-05-05 17:3,4
2019-05-05 17:4,5
2019-05-05 17:5,4
2019-05-05 17:6,7
2019-05-05 17:7,6
2019-05-05 17:8,5
2019-05-05 17:9,3
2019-05-05 17:10,4
2019-05-05 17:11,4
2019-05-05 17:12,5
2019-05-05 17:13,6
2019-05-05 17:14,4
2019-05-05 17:15,2
2019-05-05 17:16,0
2019-05-05 17:17,0
2019-05-05 17:18,1
2019-05-05 17:19,3
2019-05-05 17:21,4
2019-05-05 17:22,9
2019-05-05 17:23,17
2019-05-05 17:24,5
2019-05-05 17:25,8
2019-05-05 17:26,13
2019-05-05 17:27,7
2019-05-05 17:28,3
2019-05-05 17:29,5
2019-05-05 17:31,2
2019-05-05 17:32,3
2019-05-05 17:33,3
2019-05-05 17:34,2
2019-05-05 17:35,3
2019-05-05 17:36,3
2019-05-05 17:37,2
2019-05-05 17:38,3
2019-05-05 17:39,1
2019-05-05 17:40,1
2019-05-05 17:42,1
2019-05-05 17:43,1
2019-05-05 17:44,2
2019-05-05 17:45,1
2019-05-05 17:46,1
2019-05-05 17:47,4
2019-05-05 17:48,3
2019-05-05 17:49,5
2019-05-05 17:50,2
2019-05-05 17:51,1
2019-05-05 17:53,0
2019-05-05 17:54,0
2019-05-05 17:55,2
2019-05-05 18:0,6
2019-05-05 18:1,3
2019-05-05 18:2,3
2019-05-05 18:4,0
2019-05-05 18:6,2
2019-05-05 18:7,1
2019-05-05 18:8,0
2019-05-05 18:11,2
2019-05-05 18:16,1
2019-05-05 18:18,0
2019-05-05 18:20,1
2019-05-05 18:23,2
2019-05-05 18:24,1
2019-05-05 18:26,3
2019-05-05 18:27,0
2019-05-05 18:30,1
2019-05-05 18:31,1
2019-05-05 18:32,2
2019-05-05 18:33,2
2019-05-05 18:34,1
2019-05-05 18:35,2
2019-05-05 18:36,2
2019-05-05 18:37,2
2019-05-05 18:44,0
2019-05-05 18:48,1
2019-05-05 18:52,2
2019-05-05 18:53,0
2019-05-05 18:58,1
2019-05-05 18:59,0
2019-05-05 19:0,4
2019-05-05 19:1,0
2019-05-05 19:2,4
2019-05-05 19:3,3
2019-05-05 19:4,4
2019-05-05 19:12,0
2019-05-05 19:14,0
2019-05-05 19:17,1
2019-05-05 19:22,1
2019-05-05 19:25,0
2019-05-05 20:48,1
2019-05-06 5:12,1
2019-05-06 5:14,0
2019-05-06 5:22,1
2019-05-06 5:24,0
2019-05-06 5:25,0
2019-05-06 5:26,1
2019-05-06 5:27,1
2019-05-06 5:28,1
2019-05-06 5:31,2
2019-05-06 5:32,0
2019-05-06 5:33,2
2019-05-06 5:36,1
2019-05-06 5:37,0
2019-05-06 5:38,5
2019-05-06 5:39,0
2019-05-06 5:42,1
2019-05-06 5:45,1
2019-05-06 5:47,2
2019-05-06 5:48,1
2019-05-06 5:50,1
2019-05-06 5:51,1
2019-05-06 5:52,1
2019-05-06 5:53,0
2019-05-06 5:55,0
2019-05-06 6:2,0
2019-05-06 6:3,0
2019-05-06 6:8,1
2019-05-06 6:9,1
2019-05-06 6:10,4
2019-05-06 6:13,2
2019-05-06 6:15,0
2019-05-06 6:16,1
2019-05-06 6:17,4
2019-05-06 6:19,0
2019-05-06 6:20,1
2019-05-06 6:21,1
2019-05-06 6:22,1
2019-05-06 6:23,1
2019-05-06 6:25,1
2019-05-06 6:26,1
2019-05-06 6:28,2
2019-05-06 6:29,1
2019-05-06 6:34,1
2019-05-06 6:35,2
2019-05-06 6:36,1
2019-05-06 6:38,1
2019-05-06 6:39,1
2019-05-06 6:40,1
2019-05-06 6:44,0
2019-05-06 6:45,1
2019-05-06 6:46,0
2019-05-06 6:47,1
2019-05-06 6:48,2
2019-05-06 6:51,1
2019-05-06 6:52,1
2019-05-06 6:56,1
2019-05-06 6:57,0
2019-05-06 6:58,2
2019-05-06 7:0,2
2019-05-06 7:1,3
2019-05-06 7:2,1
2019-05-06 7:3,1
2019-05-06 7:4,3
2019-05-06 7:5,1
2019-05-06 7:7,0
2019-05-06 7:8,3
2019-05-06 7:9,0
2019-05-06 7:10,1
2019-05-06 7:11,3
2019-05-06 7:12,1
2019-05-06 7:13,0
2019-05-06 7:14,4
2019-05-06 7:15,1
2019-05-06 7:16,1
2019-05-06 7:17,1
2019-05-06 7:18,3
2019-05-06 7:19,4
2019-05-06 7:20,1
2019-05-06 7:21,0
2019-05-06 7:22,2
2019-05-06 7:23,1
2019-05-06 7:24,3
2019-05-06 7:25,1
2019-05-06 7:26,1
2019-05-06 7:27,1
2019-05-06 7:28,1
2019-05-06 7:29,1
2019-05-06 7:30,2
2019-05-06 7:32,2
2019-05-06 7:33,4
2019-05-06 7:34,1
2019-05-06 7:35,2
2019-05-06 7:36,2
2019-05-06 7:37,1
2019-05-06 7:38,2
2019-05-06 7:40,1
2019-05-06 9:11,4
2019-05-06 9:12,3
2019-05-06 9:13,1
2019-05-06 9:14,3
2019-05-06 9:15,4
2019-05-06 9:16,5
2019-05-06 9:17,2
2019-05-06 9:18,2
2019-05-06 9:19,4
2019-05-06 9:20,6
2019-05-06 9:21,6
2019-05-06 9:22,1
2019-05-06 9:23,4
2019-05-06 9:24,4
2019-05-06 9:25,3
2019-05-06 9:26,5
2019-05-06 9:27,2
2019-05-06 9:28,4
2019-05-06 9:29,1
2019-05-06 9:30,2
2019-05-06 9:31,4
2019-05-06 9:32,4
2019-05-06 9:33,3
2019-05-06 9:34,8
2019-05-06 9:35,6
2019-05-06 9:36,6
2019-05-06 9:37,10
2019-05-06 9:38,3
2019-05-06 9:40,3
2019-05-06 9:41,6
2019-05-06 9:42,3
2019-05-06 9:43,4
2019-05-06 9:44,5
2019-05-06 9:45,8
2019-05-06 9:46,5
2019-05-06 9:47,4
2019-05-06 9:48,5
2019-05-06 9:49,1
2019-05-06 9:50,4
2019-05-06 9:51,4
2019-05-06 9:52,5
2019-05-06 9:53,3
2019-05-06 9:54,4
2019-05-06 9:55,4
2019-05-06 9:56,2
2019-05-06 9:57,7
2019-05-06 9:58,1
2019-05-06 9:59,0
2019-05-06 10:0,4
2019-05-06 10:1,1
2019-05-06 10:2,3
2019-05-06 10:3,4
2019-05-06 10:4,3
2019-05-06 10:5,4
2019-05-06 10:6,4
2019-05-06 10:7,2
2019-05-06 10:8,3
2019-05-06 10:9,3
2019-05-06 10:10,4
2019-05-06 10:11,8
2019-05-06 10:12,2
2019-05-06 10:13,3
2019-05-06 10:14,4
2019-05-06 10:15,3
2019-05-06 10:16,6
2019-05-06 10:17,3
2019-05-06 10:18,2
2019-05-06 10:19,1
2019-05-06 10:20,1
2019-05-06 10:21,0
2019-05-06 10:22,2
2019-05-06 10:23,5
2019-05-06 10:24,4
2019-05-06 10:25,2
2019-05-06 10:26,5
2019-05-06 10:27,3
2019-05-06 10:28,3
2019-05-06 10:29,6
2019-05-06 10:30,8
2019-05-06 10:31,4
2019-05-06 10:32,4
2019-05-06 10:33,5
2019-05-06 10:34,5
2019-05-06 10:35,4
2019-05-06 10:36,2
2019-05-06 10:37,2
2019-05-06 10:38,5
2019-05-06 10:39,1
2019-05-06 10:40,2
2019-05-06 10:41,8
2019-05-06 10:42,5
2019-05-06 10:43,1
2019-05-06 10:44,5
2019-05-06 10:45,6
2019-05-06 10:46,3
2019-05-06 10:47,4
2019-05-06 10:48,9
2019-05-06 10:49,4
2019-05-06 10:50,4
2019-05-06 10:51,1
2019-05-06 10:52,5
2019-05-06 10:53,8
2019-05-06 10:54,5
2019-05-06 10:55,8
2019-05-06 10:56,3
2019-05-06 10:57,4
2019-05-06 10:58,2
2019-05-06 11:0,5
2019-05-06 11:1,6
2019-05-06 11:2,7
2019-05-06 11:3,6
2019-05-06 11:4,8
2019-05-06 11:5,4
2019-05-06 11:6,3
2019-05-06 11:7,8
2019-05-06 11:8,4
2019-05-06 11:9,5
2019-05-06 11:10,11
2019-05-06 11:11,5
2019-05-06 11:12,5
2019-05-06 11:13,6
2019-05-06 11:14,8
2019-05-06 11:15,6
2019-05-06 11:16,4
2019-05-06 11:17,4
2019-05-06 11:18,7
2019-05-06 11:19,6
2019-05-06 11:20,6
2019-05-06 11:21,7
2019-05-06 11:22,5
2019-05-06 11:23,7
2019-05-06 11:24,8
2019-05-06 11:25,10
2019-05-06 11:26,9
2019-05-06 11:27,12
2019-05-06 11:28,11
2019-05-06 11:30,10
2019-05-06 11:31,5
2019-05-06 11:32,6
2019-05-06 11:33,3
2019-05-06 11:34,7
2019-05-06 11:35,8
2019-05-06 11:36,6
2019-05-06 11:37,8
2019-05-06 11:38,6
2019-05-06 11:39,5
2019-05-06 11:40,5
2019-05-06 11:41,4
2019-05-06 11:42,10
2019-05-06 11:43,4
2019-05-06 11:44,6
2019-05-06 11:45,4
2019-05-06 11:46,4
2019-05-06 11:47,3
2019-05-06 11:48,10
2019-05-06 11:49,8
2019-05-06 11:50,5
2019-05-06 11:51,7
2019-05-06 11:52,8
2019-05-06 11:53,9
2019-05-06 11:54,9
2019-05-06 11:55,12
2019-05-06 11:56,11
2019-05-06 11:57,10
2019-05-06 11:58,10
2019-05-06 11:59,12
2019-05-06 12:0,14
2019-05-06 12:1,14
2019-05-06 12:2,10
2019-05-06 12:3,8
2019-05-06 12:4,13
2019-05-06 12:5,9
2019-05-06 12:6,8
2019-05-06 12:7,7
2019-05-06 12:8,8
2019-05-06 12:9,11
2019-05-06 12:10,9
2019-05-06 12:11,8
2019-05-06 12:12,9
2019-05-06 12:13,11
2019-05-06 12:14,14
2019-05-06 12:15,13
2019-05-06 12:16,10
2019-05-06 12:17,10
2019-05-06 12:18,12
2019-05-06 12:19,13
2019-05-06 12:20,5
2019-05-06 12:21,12
2019-05-06 12:22,10
2019-05-06 12:23,9
2019-05-06 12:24,6
2019-05-06 12:25,10
2019-05-06 12:26,7
2019-05-06 12:27,6
2019-05-06 12:28,5
2019-05-06 12:29,4
2019-05-06 12:30,4
2019-05-06 12:31,3
2019-05-06 12:32,6
2019-05-06 12:33,10
2019-05-06 12:34,9
2019-05-06 12:35,4
2019-05-06 12:36,3
2019-05-06 12:37,9
2019-05-06 12:38,13
2019-05-06 12:39,9
2019-05-06 12:40,8
2019-05-06 12:41,10
2019-05-06 12:42,8
2019-05-06 12:43,16
2019-05-06 12:44,17
2019-05-06 12:45,6
2019-05-06 12:46,12
2019-05-06 12:47,7
2019-05-06 12:48,10
2019-05-06 12:49,19
2019-05-06 12:50,9
2019-05-06 12:51,9
2019-05-06 12:52,7
2019-05-06 12:53,12
2019-05-06 12:54,10
2019-05-06 12:55,8
2019-05-06 12:56,7
2019-05-06 12:57,8
2019-05-06 12:58,10
2019-05-06 12:59,13
2019-05-06 13:0,17
2019-05-06 13:1,13
2019-05-06 13:2,23
2019-05-06 13:3,13
2019-05-06 13:4,11
2019-05-06 13:5,6
2019-05-06 13:6,8
2019-05-06 13:7,13
2019-05-06 13:8,7
2019-05-06 13:10,15
2019-05-06 13:11,7
2019-05-06 13:12,11
2019-05-06 13:13,8
2019-05-06 13:14,11
2019-05-06 13:15,9
2019-05-06 13:16,8
2019-05-06 13:17,11
2019-05-06 13:18,4
2019-05-06 13:20,8
2019-05-06 13:21,10
2019-05-06 13:22,8
2019-05-06 13:23,9
2019-05-06 13:24,10
2019-05-06 13:25,9
2019-05-06 13:26,11
2019-05-06 13:27,12
2019-05-06 13:28,17
2019-05-06 13:30,10
2019-05-06 13:31,11
2019-05-06 13:32,14
2019-05-06 13:33,13
2019-05-06 13:34,12
2019-05-06 13:35,12
2019-05-06 13:36,11
2019-05-06 13:37,18
2019-05-06 13:38,13
2019-05-06 13:39,17
2019-05-06 13:40,13
2019-05-06 13:41,15
2019-05-06 13:42,19
2019-05-06 13:43,15
2019-05-06 13:44,18
2019-05-06 13:45,13
2019-05-06 13:46,14
2019-05-06 13:47,13
2019-05-06 13:48,11
2019-05-06 13:50,13
2019-05-06 13:51,11
2019-05-06 13:52,8
2019-05-06 13:53,8
2019-05-06 13:54,10
2019-05-06 13:55,9
2019-05-06 13:56,6
2019-05-06 13:57,9
2019-05-06 13:58,9
2019-05-06 13:59,13
2019-05-06 14:0,19
2019-05-06 14:1,16
2019-05-06 14:2,11
2019-05-06 14:3,11
2019-05-06 14:4,6
2019-05-06 14:5,5
2019-05-06 14:6,10
2019-05-06 14:7,9
2019-05-06 14:8,7
2019-05-06 14:9,8
2019-05-06 14:10,12
2019-05-06 14:11,12
2019-05-06 14:12,15
2019-05-06 14:13,13
2019-05-06 14:14,14
2019-05-06 14:15,15
2019-05-06 14:16,10
2019-05-06 14:17,10
2019-05-06 14:18,7
2019-05-06 14:19,8
2019-05-06 14:20,7
2019-05-06 14:21,7
2019-05-06 14:22,9
2019-05-06 14:23,5
2019-05-06 14:24,6
2019-05-06 14:25,10
2019-05-06 14:26,9
2019-05-06 14:27,10
2019-05-06 14:28,12
2019-05-06 14:29,9
2019-05-06 14:30,11
2019-05-06 14:31,11
2019-05-06 14:32,10
2019-05-06 14:33,10
2019-05-06 14:34,12
2019-05-06 14:35,18
2019-05-06 14:36,15
2019-05-06 14:37,14
2019-05-06 14:38,18
2019-05-06 14:39,17
2019-05-06 14:40,15
2019-05-06 14:41,11
2019-05-06 14:42,10
2019-05-06 14:43,9
2019-05-06 14:44,12
2019-05-06 14:45,7
2019-05-06 14:46,12
2019-05-06 14:47,14
2019-05-06 14:48,9
2019-05-06 14:49,8
2019-05-06 14:50,10
2019-05-06 14:51,11
2019-05-06 14:52,13
2019-05-06 14:53,12
2019-05-06 14:54,10
2019-05-06 14:55,9
2019-05-06 14:56,7
2019-05-06 14:57,6
2019-05-06 14:58,5
2019-05-06 14:59,7
2019-05-06 15:0,5
2019-05-06 15:1,6
2019-05-06 15:2,4
2019-05-06 15:3,4
2019-05-06 15:4,6
2019-05-06 15:5,7
2019-05-06 15:6,10
2019-05-06 15:7,6
2019-05-06 15:8,7
2019-05-06 15:9,6
2019-05-06 15:10,14
2019-05-06 15:11,4
2019-05-06 15:12,4
2019-05-06 15:13,5
2019-05-06 15:14,5
2019-05-06 15:15,4
2019-05-06 15:16,9
2019-05-06 15:17,12
2019-05-06 15:18,14
2019-05-06 15:19,10
2019-05-06 15:20,10
2019-05-06 15:21,8
2019-05-06 15:22,4
2019-05-06 15:23,14
2019-05-06 15:24,5
2019-05-06 15:25,4
2019-05-06 15:26,11
2019-05-06 15:27,8
2019-05-06 15:28,10
2019-05-06 15:29,8
2019-05-06 15:30,6
2019-05-06 15:31,2
2019-05-06 15:32,2
2019-05-06 15:33,6
2019-05-06 15:34,8
2019-05-06 15:35,7
2019-05-06 15:36,6
2019-05-06 15:37,7
2019-05-06 15:38,3
2019-05-06 15:39,6
2019-05-06 15:40,8
2019-05-06 15:41,3
2019-05-06 15:42,5
2019-05-06 15:43,7
2019-05-06 15:44,8
2019-05-06 15:45,5
2019-05-06 15:46,10
2019-05-06 15:47,5
2019-05-06 15:48,4
2019-05-06 15:49,8
2019-05-06 15:50,9
2019-05-06 15:51,7
2019-05-06 15:52,5
2019-05-06 15:53,6
2019-05-06 15:54,7
2019-05-06 15:55,8
2019-05-06 15:56,8
2019-05-06 15:57,9
2019-05-06 15:58,9
2019-05-06 16:0,8
2019-05-06 16:1,5
2019-05-06 16:2,6
2019-05-06 16:3,6
2019-05-06 16:4,5
2019-05-06 16:5,5
2019-05-06 16:6,6
2019-05-06 16:7,7
2019-05-06 16:8,4
2019-05-06 16:9,3
2019-05-06 16:10,9
2019-05-06 16:11,5
2019-05-06 16:12,8
2019-05-06 16:13,6
2019-05-06 16:14,4
2019-05-06 16:15,5
2019-05-06 16:16,5
2019-05-06 16:17,7
2019-05-06 16:18,4
2019-05-06 16:19,7
2019-05-06 16:20,7
2019-05-06 16:21,5
2019-05-06 16:22,6
2019-05-06 16:23,5
2019-05-06 16:24,3
2019-05-06 16:25,2
2019-05-06 16:26,2
2019-05-06 16:27,3
2019-05-06 16:28,3
2019-05-06 16:29,6
2019-05-06 16:30,8
2019-05-06 16:31,7
2019-05-06 16:32,6
2019-05-06 16:33,7
2019-05-06 16:34,5
2019-05-06 16:35,7
2019-05-06 16:36,8
2019-05-06 16:37,3
2019-05-06 16:38,9
2019-05-06 16:40,4
2019-05-06 16:41,3
2019-05-06 16:42,7
2019-05-06 16:43,4
2019-05-06 16:44,5
2019-05-06 16:45,4
2019-05-06 16:46,4
2019-05-06 16:47,3
2019-05-06 16:48,6
2019-05-06 16:49,2
2019-05-06 16:50,2
2019-05-06 16:51,2
2019-05-06 16:52,2
2019-05-06 16:53,6
2019-05-06 16:54,4
2019-05-06 16:55,5
2019-05-06 16:56,3
2019-05-06 16:57,2
2019-05-06 16:58,6
2019-05-06 16:59,5
2019-05-06 17:0,6
2019-05-06 17:1,2
2019-05-06 17:2,4
2019-05-06 17:3,4
2019-05-06 17:4,7
2019-05-06 17:5,12
2019-05-06 17:6,8
2019-05-06 17:7,9
2019-05-06 17:8,9
2019-05-06 17:9,5
2019-05-06 17:10,6
2019-05-06 17:11,6
2019-05-06 17:12,4
2019-05-06 17:13,5
2019-05-06 17:14,4
2019-05-06 17:15,4
2019-05-06 17:16,4
2019-05-06 17:17,4
2019-05-06 17:18,4
2019-05-06 17:19,5
2019-05-06 17:20,2
2019-05-06 17:21,2
2019-05-06 17:22,4
2019-05-06 17:23,4
2019-05-06 17:24,3
2019-05-06 17:25,4
2019-05-06 17:26,3
2019-05-06 17:27,3
2019-05-06 17:28,4
2019-05-06 17:29,3
2019-05-06 17:30,2
2019-05-06 17:31,2
2019-05-06 17:32,4
2019-05-06 17:33,5
2019-05-06 17:34,4
2019-05-06 17:35,1
2019-05-06 17:36,1
2019-05-06 17:37,2
2019-05-06 17:38,3
2019-05-06 17:40,4
2019-05-06 17:41,5
2019-05-06 17:42,5
2019-05-06 17:43,6
2019-05-06 17:44,4
2019-05-06 17:45,5
2019-05-06 17:46,3
2019-05-06 17:47,1
2019-05-06 17:48,1
2019-05-06 17:49,5
2019-05-06 17:50,8
2019-05-06 17:51,6
2019-05-06 17:52,5
2019-05-06 17:53,3
2019-05-06 17:54,4
2019-05-06 17:55,4
2019-05-06 17:56,4
2019-05-06 17:57,5
2019-05-06 17:58,6
2019-05-06 17:59,6
2019-05-06 18:0,9
2019-05-06 18:1,11
2019-05-06 18:2,6
2019-05-06 18:3,8
2019-05-06 18:4,13
2019-05-06 18:5,7
2019-05-06 18:6,8
2019-05-06 18:7,11
2019-05-06 18:8,6
2019-05-06 18:9,8
2019-05-06 18:10,5
2019-05-06 18:11,6
2019-05-06 18:12,6
2019-05-06 18:13,9
2019-05-06 18:14,6
2019-05-06 18:15,6
2019-05-06 18:16,5
2019-05-06 18:17,8
2019-05-06 18:18,7
2019-05-06 18:19,1
2019-05-06 18:20,2
2019-05-06 18:21,2
2019-05-06 18:22,3
2019-05-06 18:23,3
2019-05-06 18:24,4
2019-05-06 18:25,2
2019-05-06 18:26,4
2019-05-06 18:28,4
2019-05-06 18:29,1
2019-05-06 18:30,2
2019-05-06 18:31,2
2019-05-06 18:32,4
2019-05-06 18:34,1
2019-05-06 18:35,4
2019-05-06 18:36,6
2019-05-06 18:37,3
2019-05-06 18:38,2
2019-05-06 18:39,2
2019-05-06 18:41,1
2019-05-06 18:42,1
2019-05-06 18:43,0
2019-05-06 18:44,0
2019-05-06 18:47,1
2019-05-06 18:48,2
2019-05-06 18:49,0
2019-05-06 18:51,1
2019-05-06 18:52,1
2019-05-06 18:55,3
2019-05-06 18:58,1
2019-05-06 19:2,4
2019-05-06 19:4,1
2019-05-06 19:5,1
2019-05-06 19:8,1
2019-05-06 19:11,2
2019-05-06 19:12,1
2019-05-06 19:13,2
2019-05-06 19:15,2
2019-05-06 19:23,1
2019-05-06 19:24,3
2019-05-06 19:25,1
2019-05-06 19:30,1
2019-05-06 20:3,1
2019-05-07 5:6,1
2019-05-07 5:13,1
2019-05-07 5:24,1
2019-05-07 5:28,1
2019-05-07 5:29,1
2019-05-07 5:30,0
2019-05-07 5:34,1
2019-05-07 5:35,0
2019-05-07 5:39,0
2019-05-07 5:47,1
2019-05-07 5:48,1
2019-05-07 5:49,4
2019-05-07 5:50,1
2019-05-07 5:51,3
2019-05-07 5:54,0
2019-05-07 5:55,1
2019-05-07 6:5,2
2019-05-07 6:9,1
2019-05-07 6:10,0
2019-05-07 6:13,0
2019-05-07 6:18,1
2019-05-07 6:20,1
2019-05-07 6:21,1
2019-05-07 6:23,1
2019-05-07 6:35,1
2019-05-07 6:48,1
2019-05-07 7:10,1
2019-05-07 7:17,1
2019-05-07 7:18,1
2019-05-07 7:25,2
2019-05-07 7:26,3
2019-05-07 7:27,1
2019-05-07 7:28,1
2019-05-07 7:31,1
2019-05-07 7:35,1
2019-05-07 7:36,0
2019-05-07 7:37,1
2019-05-07 7:40,1
2019-05-07 7:44,0
2019-05-07 7:46,1
2019-05-07 7:47,1
2019-05-07 7:48,0
2019-05-07 7:55,0
2019-05-07 8:1,0
2019-05-07 8:5,2
2019-05-07 8:6,3
2019-05-07 8:10,1
2019-05-07 8:12,0
2019-05-07 8:14,1
2019-05-07 8:15,0
2019-05-07 8:16,0
2019-05-07 8:18,0
2019-05-07 8:19,3
2019-05-07 8:20,1
2019-05-07 8:21,1
2019-05-07 8:22,5
2019-05-07 8:23,3
2019-05-07 8:24,3
2019-05-07 8:25,3
2019-05-07 8:26,3
2019-05-07 8:27,2
2019-05-07 8:28,2
2019-05-07 8:29,3
2019-05-07 8:30,3
2019-05-07 8:31,4
2019-05-07 8:32,5
2019-05-07 8:33,5
2019-05-07 8:34,3
2019-05-07 8:35,0
2019-05-07 8:36,5
2019-05-07 8:37,2
2019-05-07 8:38,1
2019-05-07 8:39,0
2019-05-07 8:40,2
2019-05-07 8:41,3
2019-05-07 8:42,5
2019-05-07 8:43,4
2019-05-07 8:44,3
2019-05-07 8:45,4
2019-05-07 8:46,3
2019-05-07 8:47,1
2019-05-07 8:48,6
2019-05-07 8:49,3
2019-05-07 8:50,3
2019-05-07 8:51,2
2019-05-07 8:52,2
2019-05-07 8:53,6
2019-05-07 8:54,4
2019-05-07 8:55,3
2019-05-07 8:56,3
2019-05-07 8:57,4
2019-05-07 8:58,8
2019-05-07 8:59,3
2019-05-07 9:0,3
2019-05-07 9:1,2
2019-05-07 9:2,0
2019-05-07 9:3,3
2019-05-07 9:4,4
2019-05-07 9:5,4
2019-05-07 9:6,2
2019-05-07 9:7,4
2019-05-07 9:8,3
2019-05-07 9:9,4
2019-05-07 9:10,3
2019-05-07 9:11,8
2019-05-07 9:12,6
2019-05-07 9:13,8
2019-05-07 9:14,3
2019-05-07 9:15,7
2019-05-07 9:16,4
2019-05-07 9:17,5
2019-05-07 9:18,6
2019-05-07 9:19,3
2019-05-07 9:20,3
2019-05-07 9:21,1
2019-05-07 9:22,2
2019-05-07 9:23,2
2019-05-07 9:24,1
2019-05-07 9:25,2
2019-05-07 9:26,2
2019-05-07 9:27,6
2019-05-07 9:28,2
2019-05-07 9:29,2
2019-05-07 9:30,1
2019-05-07 9:31,6
2019-05-07 9:32,3
2019-05-07 9:33,4
2019-05-07 9:34,5
2019-05-07 9:35,3
2019-05-07 9:36,6
2019-05-07 9:37,1
2019-05-07 9:38,2
2019-05-07 9:39,2
2019-05-07 9:40,2
2019-05-07 9:41,1
2019-05-07 9:42,3
2019-05-07 9:43,1
2019-05-07 9:44,2
2019-05-07 9:45,3
2019-05-07 9:46,3
2019-05-07 9:47,3
2019-05-07 9:48,5
2019-05-07 9:49,5
2019-05-07 9:50,2
2019-05-07 9:51,2
2019-05-07 9:52,3
2019-05-07 9:53,1
2019-05-07 9:54,1
2019-05-07 9:55,1
2019-05-07 9:56,1
2019-05-07 9:57,1
2019-05-07 9:58,2
2019-05-07 10:0,1
2019-05-07 13:41,7
2019-05-07 13:42,6
2019-05-07 13:43,6
2019-05-07 13:44,6
2019-05-07 13:45,12
2019-05-07 13:46,8
2019-05-07 13:47,13
2019-05-07 13:48,16
2019-05-07 13:49,9
2019-05-07 13:50,7
2019-05-07 13:51,13
2019-05-07 13:52,11
2019-05-07 13:53,17
2019-05-07 13:54,10
2019-05-07 13:55,10
2019-05-07 13:56,13
2019-05-07 13:57,15
2019-05-07 13:58,16
2019-05-07 13:59,14
2019-05-07 14:0,12
2019-05-07 14:1,14
2019-05-07 14:2,9
2019-05-07 14:3,14
2019-05-07 14:4,20
2019-05-07 14:5,12
2019-05-07 14:6,6
2019-05-07 14:7,15
2019-05-07 14:8,12
2019-05-07 14:9,14
2019-05-07 14:10,13
2019-05-07 14:11,11
2019-05-07 14:12,16
2019-05-07 14:13,9
2019-05-07 14:14,10
2019-05-07 14:15,15
2019-05-07 14:16,9
2019-05-07 14:17,15
2019-05-07 14:18,16
2019-05-07 14:19,14
2019-05-07 14:20,12
2019-05-07 14:21,13
2019-05-07 14:22,12
2019-05-07 14:23,15
2019-05-07 14:24,12
2019-05-07 14:25,11
2019-05-07 14:26,15
2019-05-07 14:27,13
2019-05-07 14:28,11
2019-05-07 14:29,9
2019-05-07 14:30,9
2019-05-07 14:31,4
2019-05-07 14:32,5
2019-05-07 14:33,6
2019-05-07 14:34,5
2019-05-07 14:35,6
2019-05-07 14:36,6
2019-05-07 14:37,8
2019-05-07 14:38,7
2019-05-07 14:39,9
2019-05-07 14:40,5
2019-05-07 14:41,6
2019-05-07 14:42,8
2019-05-07 14:43,6
2019-05-07 14:44,9
2019-05-07 14:45,8
2019-05-07 14:46,13
2019-05-07 14:47,9
2019-05-07 14:48,6
2019-05-07 14:49,12
2019-05-07 14:50,8
2019-05-07 14:51,10
2019-05-07 14:52,9
2019-05-07 14:53,11
2019-05-07 14:54,6
2019-05-07 14:55,8
2019-05-07 14:56,11
2019-05-07 14:57,6
2019-05-07 14:58,4
2019-05-07 14:59,5
2019-05-07 15:0,10
2019-05-07 15:1,5
2019-05-07 15:2,8
2019-05-07 15:3,14
2019-05-07 15:4,9
2019-05-07 15:5,10
2019-05-07 15:6,7
2019-05-07 15:7,14
2019-05-07 15:8,7
2019-05-07 15:9,7
2019-05-07 15:10,5
2019-05-07 15:11,3
2019-05-07 15:12,4
2019-05-07 15:13,3
2019-05-07 15:14,4
2019-05-07 15:15,6
2019-05-07 15:16,10
2019-05-07 15:17,4
2019-05-07 15:18,3
2019-05-07 15:19,2
2019-05-07 15:20,2
2019-05-07 15:21,2
2019-05-07 15:22,4
2019-05-07 15:23,4
2019-05-07 15:24,6
2019-05-07 15:25,3
2019-05-07 15:26,6
2019-05-07 15:27,6
2019-05-07 15:28,2
2019-05-07 15:29,6
2019-05-07 15:30,6
2019-05-07 15:31,2
2019-05-07 15:32,2
2019-05-07 15:33,2
2019-05-07 15:34,2
2019-05-07 15:35,2
2019-05-07 15:36,3
2019-05-07 15:37,2
2019-05-07 15:38,3
2019-05-07 15:41,4
2019-05-07 15:44,1
2019-05-07 15:45,1
2019-05-07 15:46,2
2019-05-07 15:47,3
2019-05-07 15:48,2
2019-05-07 15:50,1
2019-05-07 15:51,5
2019-05-07 15:52,5
2019-05-07 15:53,4
2019-05-07 15:54,6
2019-05-07 15:55,4
2019-05-07 15:56,2
2019-05-07 15:57,4
2019-05-07 15:58,5
2019-05-07 15:59,6
2019-05-07 16:0,3
2019-05-07 16:1,1
2019-05-07 16:2,4
2019-05-07 16:3,4
2019-05-07 16:4,2
2019-05-07 16:5,1
2019-05-07 16:6,6
2019-05-07 16:7,4
2019-05-07 16:9,1
2019-05-07 16:10,8
2019-05-07 16:11,1
2019-05-07 16:12,5
2019-05-07 16:13,4
2019-05-07 16:14,7
2019-05-07 16:15,6
2019-05-07 16:16,2
2019-05-07 16:17,5
2019-05-07 16:18,8
2019-05-07 16:19,4
2019-05-07 16:20,2
2019-05-07 16:21,2
2019-05-07 16:22,1
2019-05-07 16:23,1
2019-05-07 16:24,2
2019-05-07 16:25,4
2019-05-07 16:26,3
2019-05-07 16:27,3
2019-05-07 16:28,4
2019-05-07 16:29,6
2019-05-07 16:30,4
2019-05-07 16:31,3
2019-05-07 16:32,5
2019-05-07 16:33,8
2019-05-07 16:34,6
2019-05-07 16:35,4
2019-05-07 16:36,5
2019-05-07 16:37,3
2019-05-07 16:38,3
2019-05-07 16:39,5
2019-05-07 16:40,3
2019-05-07 16:41,3
2019-05-07 16:42,4
2019-05-07 16:43,4
2019-05-07 16:44,7
2019-05-07 16:45,4
2019-05-07 16:46,5
2019-05-07 16:47,4
2019-05-07 16:48,7
2019-05-07 16:49,2
2019-05-07 16:50,3
2019-05-07 16:51,3
2019-05-07 16:52,6
2019-05-07 16:53,4
2019-05-07 16:54,1
2019-05-07 16:55,3
2019-05-07 16:57,5
2019-05-07 16:58,3
2019-05-07 17:0,2
2019-05-07 17:1,2
2019-05-07 17:2,2
2019-05-07 17:3,2
2019-05-07 17:4,3
2019-05-07 17:6,4
2019-05-07 17:7,2
2019-05-07 17:8,1
2019-05-07 17:9,2
2019-05-07 17:10,2
2019-05-07 17:11,1
2019-05-07 17:14,1
2019-05-07 17:17,1
2019-05-07 17:18,1
2019-05-07 17:19,0
2019-05-07 17:20,2
2019-05-07 17:21,1
2019-05-07 17:24,2
2019-05-07 17:26,2
2019-05-07 17:27,1
2019-05-07 17:30,2
2019-05-07 17:31,3
2019-05-07 17:32,3
2019-05-07 17:33,2
2019-05-07 17:34,4
2019-05-07 17:35,2
2019-05-07 17:39,3
2019-05-07 17:41,2
2019-05-07 17:43,2
2019-05-07 17:45,1
2019-05-07 17:47,3
2019-05-07 17:51,1
2019-05-07 17:53,1
2019-05-07 17:54,5
2019-05-07 17:55,3
2019-05-07 17:56,1
2019-05-07 17:57,1
2019-05-07 17:58,1
2019-05-07 18:3,3
2019-05-07 18:4,2
2019-05-07 18:5,1
2019-05-07 18:6,1
2019-05-07 18:7,1
2019-05-07 18:8,1
2019-05-07 18:11,2
2019-05-07 18:15,3
2019-05-07 18:16,2
2019-05-07 18:17,1
2019-05-07 18:19,2
2019-05-07 18:20,2
2019-05-07 18:21,0
2019-05-07 18:27,2
2019-05-07 18:30,0
2019-05-07 18:31,1
2019-05-07 18:32,2
2019-05-07 18:33,1
2019-05-07 18:35,1
2019-05-07 18:36,5
2019-05-07 18:40,0
2019-05-07 18:41,6
2019-05-07 18:44,1
2019-05-07 18:45,3
2019-05-07 18:47,3
2019-05-07 18:48,1
2019-05-07 18:49,1
2019-05-07 18:50,3
2019-05-07 18:51,2
2019-05-07 18:52,1
2019-05-07 18:59,0
2019-05-07 19:0,0
2019-05-07 19:2,1
2019-05-07 19:14,1
2019-05-07 19:16,1
2019-05-07 19:18,1
2019-05-07 19:22,1
2019-05-07 19:42,2
2019-05-07 19:44,1
2019-05-07 19:45,1
2019-05-07 19:47,2
2019-05-07 20:57,1
2019-05-08 5:12,0
2019-05-08 5:18,1
2019-05-08 5:21,0
2019-05-08 5:25,0
2019-05-08 5:26,1
2019-05-08 5:28,1
2019-05-08 5:32,0
2019-05-08 5:33,1
2019-05-08 5:34,0
2019-05-08 5:35,1
2019-05-08 5:36,4
2019-05-08 5:37,3
2019-05-08 5:38,2
2019-05-08 5:39,3
2019-05-08 5:40,5
2019-05-08 5:41,2
2019-05-08 5:42,3
2019-05-08 5:43,1
2019-05-08 5:44,3
2019-05-08 5:45,5
2019-05-08 5:46,2
2019-05-08 5:47,0
2019-05-08 5:48,1
2019-05-08 5:49,1
2019-05-08 5:50,1
2019-05-08 5:51,1
2019-05-08 5:53,1
2019-05-08 5:54,1
2019-05-08 5:56,1
2019-05-08 5:58,1
2019-05-08 6:1,2
2019-05-08 6:7,0
2019-05-08 6:8,0
2019-05-08 6:10,0
2019-05-08 6:11,0
2019-05-08 6:12,0
2019-05-08 6:14,1
2019-05-08 6:15,1
2019-05-08 6:19,1
2019-05-08 6:21,1
2019-05-08 6:22,1
2019-05-08 6:26,2
2019-05-08 6:32,1
2019-05-08 6:35,0
2019-05-08 6:39,0
2019-05-08 6:47,0
2019-05-08 6:51,1
2019-05-08 6:52,0
2019-05-08 6:53,0
2019-05-08 6:58,1
2019-05-08 7:0,2
2019-05-08 7:1,0
2019-05-08 7:3,1
2019-05-08 7:5,0
2019-05-08 7:9,2
2019-05-08 7:10,0
2019-05-08 7:14,0
2019-05-08 7:16,2
2019-05-08 7:17,0
2019-05-08 7:19,1
2019-05-08 7:20,0
2019-05-08 7:22,1
2019-05-08 7:23,1
2019-05-08 7:24,3
2019-05-08 7:30,1
2019-05-08 7:34,2
2019-05-08 7:35,2
2019-05-08 7:36,2
2019-05-08 7:37,1
2019-05-08 7:38,2
2019-05-08 7:39,1
2019-05-08 7:40,1
2019-05-08 7:42,2
2019-05-08 7:43,0
2019-05-08 7:44,1
2019-05-08 7:47,1
2019-05-08 7:48,1
2019-05-08 7:49,1
2019-05-08 7:50,2
2019-05-08 7:51,2
2019-05-08 7:52,2
2019-05-08 7:54,1
2019-05-08 7:57,1
2019-05-08 7:59,2
2019-05-08 8:1,1
2019-05-08 8:3,1
2019-05-08 8:4,1
2019-05-08 8:6,3
2019-05-08 8:7,4
2019-05-08 8:8,1
2019-05-08 8:10,2
2019-05-08 8:11,2
2019-05-08 8:13,5
2019-05-08 8:14,1
2019-05-08 8:15,2
2019-05-08 8:16,2
2019-05-08 8:17,3
2019-05-08 8:18,1
2019-05-08 8:19,2
2019-05-08 8:20,1
2019-05-08 8:41,1
2019-05-08 8:42,2
2019-05-08 8:43,1
2019-05-08 8:44,1
2019-05-08 8:45,0
2019-05-08 8:47,1
2019-05-08 8:50,2
2019-05-08 8:51,0
2019-05-08 8:52,2
2019-05-08 8:54,1
2019-05-08 8:55,1
2019-05-08 8:56,1
2019-05-08 8:57,0
2019-05-08 8:59,1
2019-05-08 9:0,1
2019-05-08 9:1,1
2019-05-08 9:7,1
2019-05-08 9:9,1
2019-05-08 9:10,2
2019-05-08 9:11,1
2019-05-08 9:12,1
2019-05-08 9:13,2
2019-05-08 9:15,3
2019-05-08 9:17,1
2019-05-08 9:18,1
2019-05-08 9:21,1
2019-05-08 9:23,1
2019-05-08 9:25,1
2019-05-08 9:26,1
2019-05-08 9:28,2
2019-05-08 9:30,0
2019-05-08 9:31,1
2019-05-08 9:32,2
2019-05-08 9:33,1
2019-05-08 9:34,2
2019-05-08 9:35,6
2019-05-08 9:36,5
2019-05-08 9:37,6
2019-05-08 9:38,9
2019-05-08 9:39,5
2019-05-08 9:40,3
2019-05-08 9:41,8
2019-05-08 9:42,11
2019-05-08 9:43,14
2019-05-08 9:44,9
2019-05-08 9:45,5
2019-05-08 9:46,13
2019-05-08 9:47,7
2019-05-08 9:48,6
2019-05-08 9:49,7
2019-05-08 9:50,9
2019-05-08 9:51,9
2019-05-08 9:52,7
2019-05-08 9:53,7
2019-05-08 9:54,5
2019-05-08 9:55,7
2019-05-08 9:56,3
2019-05-08 9:57,7
2019-05-08 9:58,10
2019-05-08 9:59,5
2019-05-08 10:0,7
2019-05-08 10:1,3
2019-05-08 10:2,3
2019-05-08 10:3,3
2019-05-08 10:4,6
2019-05-08 10:5,3
2019-05-08 10:6,2
2019-05-08 10:7,3
2019-05-08 10:8,2
2019-05-08 10:9,6
2019-05-08 10:10,5
2019-05-08 10:11,9
2019-05-08 10:12,9
2019-05-08 10:13,9
2019-05-08 10:14,7
2019-05-08 10:15,10
2019-05-08 10:16,10
2019-05-08 10:17,4
2019-05-08 10:18,10
2019-05-08 10:20,10
2019-05-08 10:21,11
2019-05-08 10:22,8
2019-05-08 10:23,6
2019-05-08 10:24,9
2019-05-08 10:25,7
2019-05-08 10:26,12
2019-05-08 10:27,9
2019-05-08 10:28,13
2019-05-08 10:29,14
2019-05-08 10:30,12
2019-05-08 10:31,10
2019-05-08 10:32,10
2019-05-08 10:33,10
2019-05-08 10:34,9
2019-05-08 10:35,10
2019-05-08 10:36,11
2019-05-08 10:37,9
2019-05-08 10:38,8
2019-05-08 10:39,7
2019-05-08 10:40,7
2019-05-08 10:41,7
2019-05-08 10:42,8
2019-05-08 10:43,12
2019-05-08 10:44,10
2019-05-08 10:45,9
2019-05-08 10:46,9
2019-05-08 10:47,6
2019-05-08 10:48,8
2019-05-08 10:49,7
2019-05-08 10:50,8
2019-05-08 10:51,5
2019-05-08 10:52,9
2019-05-08 10:53,10
2019-05-08 10:54,12
2019-05-08 10:55,9
2019-05-08 10:56,10
2019-05-08 10:57,12
2019-05-08 10:58,10
2019-05-08 10:59,9
2019-05-08 11:0,8
2019-05-08 11:1,10
2019-05-08 11:2,3
2019-05-08 11:3,10
2019-05-08 11:4,9
2019-05-08 11:5,5
2019-05-08 11:6,11
2019-05-08 11:7,14
2019-05-08 11:8,17
2019-05-08 11:9,16
2019-05-08 11:10,11
2019-05-08 11:11,12
2019-05-08 11:12,11
2019-05-08 11:13,13
2019-05-08 11:14,17
2019-05-08 11:15,14
2019-05-08 11:16,12
2019-05-08 11:17,14
2019-05-08 11:18,8
2019-05-08 11:19,12
2019-05-08 11:20,10
2019-05-08 11:21,8
2019-05-08 11:22,8
2019-05-08 11:23,5
2019-05-08 11:24,6
2019-05-08 11:25,17
2019-05-08 11:26,11
2019-05-08 11:27,7
2019-05-08 11:28,10
